Epoch,Loss,Acc,Val_loss,Val_acc
1,0.6249376162091184,0.7568060755729675,0.5254247190689277,0.8635231852531433
2,0.44754770387534143,0.8755782842636108,0.3809122081541082,0.891459047794342
3,0.357073025347075,0.8907029628753662,0.34275825464852766,0.8871885538101196
4,0.33183327455113365,0.8916370272636414,0.3285388778961426,0.8882562518119812
5,0.3226653744741691,0.8917704224586487,0.3248172781009267,0.8884341716766357
6,0.3184832194521758,0.8923932909965515,0.3201198862116532,0.8889679312705994
7,0.31725767859360504,0.8918150067329407,0.3201817483028059,0.8882561922073364
