Epoch,Loss,Acc,Val_loss,Val_acc
1,0.5213222297909421,0.8210854044588435,0.34583297170353955,0.8884341538588771
2,0.3304967433744478,0.8921263222168349,0.3255034844222018,0.8884341534346448
3,0.3218588379354239,0.890836291465895,0.3242290534370735,0.8884341538588771
4,0.31940900590071897,0.8921708055238282,0.32239073599784823,0.8884341538588771
5,0.31868518692742887,0.8915480375289917,0.32023019192481805,0.8895017593780871
6,0.3173545306263445,0.8920818420915841,0.3195175152020098,0.8882562202066714
7,0.31715971613269683,0.8913701081191093,0.31865862722498667,0.8880782812515612
8,0.3167504683083911,0.8921263249743452,0.31899335513759763,0.8882562202066714
