Movie,A_avg,A_std,B_avg,B_std,C_avg,C_std,D_avg,D_std,A_avg_minmaxnorm,A_std_minmaxnorm,B_avg_minmaxnorm,B_std_minmaxnorm,C_avg_minmaxnorm,C_std_minmaxnorm,D_avg_minmaxnorm,D_std_minmaxnorm
apollo11movie,4.184839026107291,4.07524760447934,15.652009239394063,16.556538306629832,0.18749989547658708,0.23665064533322386,8.32344026970886,7.918009819867809,0.5489274218354825,0.5780843058181245,0.4363438023984523,0.4630531125370434,0.27998370037842063,0.41919450170214206,0.6294370621218244,0.7380199021233018
hotelmumbaifilm,4.913990891278794,5.201308617370093,12.750096204701945,13.643506120449755,0.3711785783851841,0.31113151696463104,7.772281039514028,7.449484846000893,1.0,1.0,0.035124484219679175,0.059994232493003626,0.8211430134460869,0.7185332428645688,0.31533044241532515,0.3315706927041102
thebestofenemies,3.6448551429270166,3.471591016820134,15.715622806329945,17.285695754834318,0.2087564740650163,0.2376481532966031,8.321715416707661,7.684187905718925,0.21487914741171288,0.3519045648324507,0.4451390321823256,0.5639422773884826,0.3426104313900289,0.4232034877883296,0.6284540653469985,0.535177497872529
