Movie,A_avg,A_std,B_avg,B_std,C_avg,C_std,D_avg,D_std,A_avg_minmaxnorm,A_std_minmaxnorm,B_avg_minmaxnorm,B_std_minmaxnorm,C_avg_minmaxnorm,C_std_minmaxnorm,D_avg_minmaxnorm,D_std_minmaxnorm
blindedbythelightmovie,3.5292683487063616,2.769076451791541,16.058567298628322,17.652316338883704,0.2198081136250925,0.2517577031617694,8.528863003036397,7.930413015755187,0.06740651080671822,0.05724407510936036,0.6377767575519279,0.7185653514817659,0.39780905292554297,0.479909791064544,0.746507841021006,0.7154243203511736
hersmellmovie,3.7241862679460813,3.825707734558926,15.320036690387445,16.8881103473898,0.31197948408664816,0.3352172109335366,8.024886921519737,7.608177084253527,0.12409714579297193,0.31114180752286325,0.5648892725175033,0.6473367683064601,0.6595282187122852,0.8153336851090636,0.4592909811633454,0.4483346464333069
rocketmanmovie,3.5318429944889047,3.1563189000600564,15.750929613716865,16.63397149807899,0.2622161050649772,0.25741152408496965,8.240282045169472,7.774332647045242,0.06815533012946895,0.1502944902476695,0.607415203264532,0.6236495028731897,0.51822588178204,0.5026325063179851,0.5820450429377724,0.5860549648312876
teenspiritmov,3.695254439482647,4.028763088283228,15.422700873598915,16.569428139063337,0.1941916083736383,0.2454948413855609,8.180656540355157,7.986226108648608,0.11568250780944067,0.3599339403187004,0.5750214647840112,0.6176336745922926,0.3250713866501061,0.45473933965734,0.5480643623295602,0.7616857683274514
yesterdaymovie,3.4622332722485245,3.155265528310712,16.41611645363678,17.207046567151313,0.18015123324410048,0.2530203236644509,8.418138728461123,8.124500196185844,0.047909785900307145,0.15004137574792975,0.6730642031824139,0.6770635374102871,0.2852039609208963,0.4849842648664748,0.6834058811862791,0.8762961433390304
