Movie,A_avg,A_std,B_avg,B_std,C_avg,C_std,D_avg,D_std,A_avg_minmaxnorm,A_std_minmaxnorm,B_avg_minmaxnorm,B_std_minmaxnorm,C_avg_minmaxnorm,C_std_minmaxnorm,D_avg_minmaxnorm,D_std_minmaxnorm
apollo11movie,4.184839026107291,4.07524760447934,15.652009239394063,16.556538306629832,0.18749989547658708,0.23665064533322386,8.32344026970886,7.918009819867809,0.2580750656793992,0.3711036959818305,0.5976524971253422,0.6164322648783871,0.3060703724704253,0.41919450170214206,0.6294370621218244,0.7051437612289755
wrinklestheclown,3.674362831246994,3.2911001692447552,16.34369835878131,17.367980700628188,0.21866246245299653,0.2819093253378551,8.25546806585965,8.273745305129117,0.1096063166548108,0.1826810560970004,0.6659170751607709,0.6920635641566031,0.3945559943289083,0.6010892083901156,0.5906995829771341,1.0
