Movie,A_avg,A_std,B_avg,B_std,C_avg,C_std,D_avg,D_std,A_avg_minmaxnorm,A_std_minmaxnorm,B_avg_minmaxnorm,B_std_minmaxnorm,C_avg_minmaxnorm,C_std_minmaxnorm,D_avg_minmaxnorm,D_std_minmaxnorm
breakthroughmovie,3.756041742551088,3.5649446260025246,15.629206080622573,16.494202990138415,0.2617181029821375,0.3021658648296213,8.398773940764611,7.93049722553345,0.2836621109415112,0.3868825565857209,0.4331910312074332,0.4544281467809432,0.4986474753729511,0.6825002727205629,0.6723698544421834,0.7488528276739004
brianbanksmovie,3.442489853725786,3.4037391288560217,16.147391876192422,16.881621116949542,0.34325343849115697,0.3194153474397913,8.23384050782032,7.721167106554287,0.08969064129778159,0.3264816294104723,0.5048355460853637,0.5080328810650563,0.7388691791444206,0.7518259706767361,0.5783739994142145,0.5672572540922172
fightingwmyfam,3.5503770487673934,3.79971381719464,14.73744619661946,15.618858370802162,0.12164468176321926,0.19049772055569505,7.943027860040872,7.660525450427063,0.15643250611754622,0.4748465346831926,0.3098960570433056,0.3333119354338583,0.08595921342810364,0.2337058238542317,0.4126393573043313,0.514650126264315
onthebasisofsex,3.5980591795824632,3.65126480734241,13.77848226806835,15.037476231527314,0.20261789394651766,0.20749811696618448,7.982909913187427,7.4466431055409235,0.18592993005141034,0.4192252438957348,0.17730943264360666,0.25286955822792323,0.3245247736123618,0.30203044397900825,0.4353682099017764,0.3291054598397958
rocketmanmovie,3.5318429944889047,3.1563189000600564,15.750929613716865,16.63397149807899,0.2622161050649772,0.25741152408496965,8.240282045169472,7.774332647045242,0.1449668512292157,0.23377752511056105,0.4500205613727244,0.4737670811542796,0.5001147031469544,0.5026325063179851,0.5820450429377724,0.6133787910564994
thebestofenemies,3.6448551429270166,3.471591016820134,15.715622806329945,17.285695754834318,0.2087564740650163,0.2376481532966031,8.321715416707661,7.684187905718925,0.21487914741171288,0.3519045648324507,0.4451390321823256,0.5639422773884826,0.3426104313900289,0.4232034877883296,0.6284540653469985,0.535177497872529
tolkienmovie,3.89094527982525,4.1159443763683985,14.331008810099636,15.225448399695951,0.2357537732680988,0.28239517613606285,8.014520224010793,7.8425276701823865,0.36711699773310746,0.5933326862930463,0.2537019088547305,0.2788781454110436,0.4221506352943252,0.60304184351834,0.4533829819252615,0.6725385259403199
