Movie,A_avg,A_std,B_avg,B_std,C_avg,C_std,D_avg,D_std,A_avg_minmaxnorm,A_std_minmaxnorm,B_avg_minmaxnorm,B_std_minmaxnorm,C_avg_minmaxnorm,C_std_minmaxnorm,D_avg_minmaxnorm,D_std_minmaxnorm
disneyaladdin,3.5590678425919458,3.1761294152223862,15.247793041388654,16.566235830576993,0.2694227867751646,0.2724837441331717,8.119971436876874,7.839472652732803,0.16180886043272746,0.24120018441687865,0.3804567563630588,0.4643949010555109,0.5213472319413983,0.5632077825859576,0.5134798145694432,0.6698882735601819
doramovie,3.2975063154738704,2.5323844023695927,16.726957485386265,17.184137570480143,0.27799599255384577,0.2698250324875197,8.379191348367113,7.9361955063468494,0.0,0.0,0.5849664513815279,0.5498902774691896,0.5466058524656294,0.5525224162671811,0.6612097004139289,0.7537961324299722
dumbo,3.647702282889538,3.707754675758844,15.12659236326036,17.131504736959393,0.20114688057519486,0.2427707597345617,7.7866648161575505,7.644805709029093,0.2166404632975163,0.4403910260108418,0.3636995162734713,0.5426077863820462,0.320190832553265,0.4437912511834412,0.32352778215417555,0.501013123287195
