Movie,A_avg,A_std,B_avg,B_std,C_avg,C_std,D_avg,D_std,A_avg_minmaxnorm,A_std_minmaxnorm,B_avg_minmaxnorm,B_std_minmaxnorm,C_avg_minmaxnorm,C_std_minmaxnorm,D_avg_minmaxnorm,D_std_minmaxnorm
blindedbythelightmovie,3.5292683487063616,2.769076451791541,16.058567298628322,17.652316338883704,0.2198081136250925,0.2517577031617694,8.528863003036397,7.930413015755187,0.14337410743129775,0.0886844400045671,0.4925546348307071,0.6146693797902623,0.3751710833823913,0.479909791064544,0.746507841021006,0.7487797750092415
hersmellmovie,3.7241862679460813,3.825707734558926,15.320036690387445,16.8881103473898,0.31197948408664816,0.3352172109335366,8.024886921519737,7.608177084253527,0.26395547403212705,0.4845860084450134,0.390445183737526,0.5089307571565074,0.6467289731365444,0.8153336851090636,0.4592909811633454,0.4692374946386994
rocketmanmovie,3.5318429944889047,3.1563189000600564,15.750929613716865,16.63397149807899,0.2622161050649772,0.25741152408496965,8.240282045169472,7.774332647045242,0.1449668512292157,0.23377752511056105,0.4500205613727244,0.4737670811542796,0.5001147031469544,0.5026325063179851,0.5820450429377724,0.6133787910564994
teenspiritmov,3.695254439482647,4.028763088283228,15.422700873598915,16.569428139063337,0.1941916083736383,0.2454948413855609,8.180656540355157,7.986226108648608,0.24605748174907216,0.5606673570959211,0.4046395627892252,0.4648366017306238,0.2996990135398086,0.45473933965734,0.5480643623295602,0.7971980851252232
yesterdaymovie,3.4622332722485245,3.155265528310712,16.41611645363678,17.207046567151313,0.18015123324410048,0.2530203236644509,8.418138728461123,8.124500196185844,0.1019044408095442,0.2333828448332328,0.5419894822823326,0.5530600586288419,0.2583328645670722,0.4849842648664748,0.6834058811862791,0.9171519759473448
