Movie,A_avg,A_std,B_avg,B_std,C_avg,C_std,D_avg,D_std,A_avg_minmaxnorm,A_std_minmaxnorm,B_avg_minmaxnorm,B_std_minmaxnorm,C_avg_minmaxnorm,C_std_minmaxnorm,D_avg_minmaxnorm,D_std_minmaxnorm
brianbanksmovie,3.442489853725786,3.4037391288560217,16.147391876192422,16.881621116949542,0.34325343849115697,0.3194153474397913,8.23384050782032,7.721167106554287,0.08969064129778159,0.3264816294104723,0.5048355460853637,0.5080328810650563,0.7388691791444206,0.7518259706767361,0.5783739994142145,0.5672572540922172
overcomermovie,3.4554613371451453,2.81798776429124,16.75817359051819,17.35416287096966,0.2958994389590837,0.3478052294281436,8.651517241615773,7.645661428283305,0.09771514311704577,0.10701066756277078,0.5892823989194096,0.5734156636697179,0.5993534909219855,0.8659249513948903,0.8164087084331753,0.5017554666707049
pomsmovie,3.3886508081677547,3.1155462125509334,17.806202288807413,18.097852044576094,0.22158748213856866,0.2858923214618203,8.862126263318867,8.095621256825416,0.056384387490056476,0.21850070035848926,0.734183143611782,0.6763154966467633,0.3804135090531272,0.6170968761266435,0.9364351622466528,0.8920992621612811
taosdfilm,3.6269519005170854,3.500857226984287,14.734250758705466,15.487608442482006,0.1292354423930392,0.22288077474426352,8.184617036198999,7.5355080421834435,0.2038037293855206,0.3628701104255644,0.30945425489216993,0.3151516660878635,0.10832332636187607,0.36385336997549866,0.5503214559128997,0.40619651209541896
