Movie,A_avg,A_std,B_avg,B_std,C_avg,C_std,D_avg,D_std,A_avg_minmaxnorm,A_std_minmaxnorm,B_avg_minmaxnorm,B_std_minmaxnorm,C_avg_minmaxnorm,C_std_minmaxnorm,D_avg_minmaxnorm,D_std_minmaxnorm
brianbanksmovie,3.442489853725786,3.4037391288560217,16.147391876192422,16.881621116949542,0.34325343849115697,0.3194153474397913,8.23384050782032,7.721167106554287,0.04216753840854704,0.2097470505390868,0.6465430835452587,0.6467319330980184,0.7483301234318703,0.7518259706767361,0.5783739994142145,0.541987976996559
overcomermovie,3.4554613371451453,2.81798776429124,16.75817359051819,17.35416287096966,0.2958994389590837,0.3478052294281436,8.651517241615773,7.645661428283305,0.04594021171957652,0.06899696520032661,0.7068227017025323,0.6907756595339101,0.6138691819037281,0.8659249513948903,0.8164087084331753,0.4794040593857449
pomsmovie,3.3886508081677547,3.1155462125509334,17.806202288807413,18.097852044576094,0.22158748213856866,0.2858923214618203,8.862126263318867,8.095621256825416,0.026508795017258446,0.14049722882658222,0.8102553491917867,0.7600919521937575,0.4028615420080224,0.6170968761266435,0.9364351622466528,0.8523594381400609
taosdfilm,3.6269519005170854,3.500857226984287,14.734250758705466,15.487608442482006,0.1292354423930392,0.22288077474426352,8.184617036198999,7.5355080421834435,0.09581714950767796,0.2330835400915232,0.5070765524319455,0.5168015886150628,0.14062936861329814,0.36385336997549866,0.5503214559128997,0.38810191366519664
