Movie,A_avg,A_std,B_avg,B_std,C_avg,C_std,D_avg,D_std,A_avg_minmaxnorm,A_std_minmaxnorm,B_avg_minmaxnorm,B_std_minmaxnorm,C_avg_minmaxnorm,C_std_minmaxnorm,D_avg_minmaxnorm,D_std_minmaxnorm
aftermathmovie,3.5749351947647185,3.28135888333438,13.511486345218929,14.1856024829854,0.20429768996170847,0.2599513991686895,8.074959436746921,7.868406776561414,0.0806884220387164,0.1803403243358148,0.3863987878354129,0.3954468219513581,0.3537674473613407,0.5128402683059625,0.4878273961167032,0.66402959807436
ahiddenlifefilm,3.9795232380600445,4.002524439005739,14.887473335670451,15.650586831238478,0.25630518498921984,0.23970192238709184,8.52082440417704,8.001715257910906,0.1983602767954348,0.3536290602135991,0.5221984826009235,0.5319921522177171,0.5014419166146286,0.4314575890188792,0.7419266293192691,0.7745241622534591
jojorabbitmovie,3.4391473312787224,2.814967652954252,15.048232890731812,15.827834778581293,0.1623687782268217,0.2292770777708811,8.087249155941715,7.450640213876484,0.04119538705007286,0.06827126321458821,0.5380642565213646,0.5485127242892338,0.2347109578391677,0.3895601219796435,0.4948313288133468,0.31775804951885256
tolkienmovie,3.89094527982525,4.1159443763683985,14.331008810099636,15.225448399695951,0.2357537732680988,0.28239517613606285,8.014520224010793,7.8425276701823865,0.17259794197417774,0.3808827156528358,0.4672795674914468,0.4923666998276497,0.4430865042511429,0.60304184351834,0.4533829819252615,0.6425793456091881
