Movie,A_avg,A_std,B_avg,B_std,C_avg,C_std,D_avg,D_std,A_avg_minmaxnorm,A_std_minmaxnorm,B_avg_minmaxnorm,B_std_minmaxnorm,C_avg_minmaxnorm,C_std_minmaxnorm,D_avg_minmaxnorm,D_std_minmaxnorm
disneyaladdin,3.5590678425919458,3.1761294152223862,15.247793041388654,16.566235830576993,0.2694227867751646,0.2724837441331717,8.119971436876874,7.839472652732803,0.07607350375037425,0.15505475521397385,0.5577593610060848,0.6173361322894688,0.5386891418576566,0.5632077825859576,0.5134798145694432,0.6400471524716318
disneymaleficent,3.5762461791270304,3.4198181583203198,15.167811514611534,16.153175852826937,0.21000969394529231,0.2336261911915652,8.179678525611623,7.988422261048457,0.08106971348819625,0.2136106775080927,0.5498657784369297,0.5788364642561876,0.3699865933940845,0.4070392157120969,0.547506989998146,0.7635060793821999
doramovie,3.2975063154738704,2.5323844023695927,16.726957485386265,17.184137570480143,0.27799599255384577,0.2698250324875197,8.379191348367113,7.9361955063468494,0.0,0.0003693870240868424,0.7037419040074234,0.6749282814805799,0.5630326256669852,0.5525224162671811,0.6612097004139289,0.7202172170320713
dumbo,3.647702282889538,3.707754675758844,15.12659236326036,17.131504736959393,0.20114688057519486,0.2427707597345617,7.7866648161575505,7.644805709029093,0.10185226601974796,0.2827988891851232,0.5457977543852298,0.6700225856316686,0.3448207733554972,0.4437912511834412,0.32352778215417555,0.4786947847387255
meettheaddams,3.5899283950861927,3.4400550507768632,16.535151103663967,17.778505710769018,0.18616486008080904,0.2428579098111025,8.105066542696033,7.7357426864549375,0.08504909883034151,0.21847339659431464,0.6848120389195144,0.7303269580004508,0.3022795603307216,0.444141507479219,0.5049854890247687,0.5540691464201135
stormboymovie,3.5882591478789148,3.1018105109425687,15.259005964464176,16.376992433352857,0.31197882196735005,0.3175432254390574,8.383690144135175,7.847963028593638,0.08456360891490056,0.13719667966780824,0.5588659932211071,0.5996975123236579,0.6595263386348871,0.7443019093878795,0.6637735720757645,0.6470845170186044
