Movie,A_avg,A_std,B_avg,B_std,C_avg,C_std,D_avg,D_std,A_avg_minmaxnorm,A_std_minmaxnorm,B_avg_minmaxnorm,B_std_minmaxnorm,C_avg_minmaxnorm,C_std_minmaxnorm,D_avg_minmaxnorm,D_std_minmaxnorm
aftermathmovie,3.5749351947647185,3.28135888333438,13.511486345218929,14.1856024829854,0.20429768996170847,0.2599513991686895,8.074959436746921,7.868406776561414,0.17162482305326246,0.280627856255801,0.140394500720596,0.13500087120992246,0.3294738359819283,0.5128402683059625,0.4878273961167032,0.6949888603193335
tolkienmovie,3.89094527982525,4.1159443763683985,14.331008810099636,15.225448399695951,0.2357537732680988,0.28239517613606285,8.014520224010793,7.8425276701823865,0.36711699773310746,0.5933326862930463,0.2537019088547305,0.2788781454110436,0.4221506352943252,0.60304184351834,0.4533829819252615,0.6725385259403199
