Movie,A_avg,A_std,B_avg,B_std,C_avg,C_std,D_avg,D_std,A_avg_minmaxnorm,A_std_minmaxnorm,B_avg_minmaxnorm,B_std_minmaxnorm,C_avg_minmaxnorm,C_std_minmaxnorm,D_avg_minmaxnorm,D_std_minmaxnorm
apollo11movie,4.184839026107291,4.07524760447934,15.652009239394063,16.556538306629832,0.18749989547658708,0.23665064533322386,8.32344026970886,7.918009819867809,0.5489274218354825,0.5780843058181245,0.4363438023984523,0.4630531125370434,0.27998370037842063,0.41919450170214206,0.6294370621218244,0.7380199021233018
