Movie,A_avg,A_std,B_avg,B_std,C_avg,C_std,D_avg,D_std,A_avg_minmaxnorm,A_std_minmaxnorm,B_avg_minmaxnorm,B_std_minmaxnorm,C_avg_minmaxnorm,C_std_minmaxnorm,D_avg_minmaxnorm,D_std_minmaxnorm
littlewoodsfilm,3.8781214537524646,3.612841809790994,14.062965566968069,16.061128414397594,0.14791874222978965,0.19247396780561826,7.614776394048238,7.32583689532489,0.16886821386167206,0.2599922944541881,0.4408256904898339,0.5702570907662972,0.19368030647970885,0.2416483646846517,0.22556826650503226,0.21431310624243505
