Epoch,Loss,Val_loss
1,0.6909413102901343,0.6826333403587341
2,0.6783422204581174,0.6629897952079773
3,0.6532176055691459,0.6257351040840149
4,0.6081799259691527,0.5604797005653381
5,0.5326477009238619,0.45994529128074646
6,0.43118036606095056,0.330201655626297
7,0.3215029167406487,0.20512652397155762
8,0.22768011418255893,0.12565553188323975
9,0.1728255958719687,0.09461311995983124
10,0.14669812019124176,0.08820998668670654
11,0.12651695954528722,0.08902721107006073
