Epoch,Loss,Val_loss
1,0.688589772491744,0.6786959767341614
2,0.6717116164438652,0.653718113899231
3,0.6383337017261621,0.6074018478393555
4,0.5842381824146617,0.5302992463111877
5,0.49966330058646924,0.42042237520217896
6,0.39175227916601935,0.29022321105003357
7,0.2800564747868162,0.1769779920578003
8,0.21051182801073248,0.11224271357059479
9,0.1705828175851793,0.09153250604867935
10,0.14894344996322284,0.08823011815547943
11,0.13313794937549214,0.08887675404548645
