Epoch,Loss,Val_loss
1,0.6914133005069963,0.6836102604866028
2,0.6787056959036625,0.6649329662322998
3,0.6539429877743577,0.6275843381881714
4,0.6069699959321455,0.5596697926521301
5,0.5292273859182993,0.4521344006061554
6,0.41897254866181,0.31387239694595337
7,0.29863767461343244,0.18721692264080048
8,0.21644323183731598,0.11276034265756607
9,0.17505082804145236,0.0897139385342598
10,0.15660931373184378,0.08693189918994904
11,0.1353327358762423,0.08820079267024994
