Epoch,Loss,Val_loss
1,0.6914623226180221,0.6829490661621094
2,0.6781761754642833,0.6637653112411499
3,0.6530981533455126,0.6267574429512024
4,0.6059495490608793,0.5611047744750977
5,0.5296463677377412,0.45883169770240784
6,0.4235661332354401,0.32658055424690247
7,0.30300734756570874,0.20084498822689056
8,0.21601298541733713,0.12172408401966095
9,0.17501766595876578,0.09189672768115997
10,0.15190720919406775,0.08677651733160019
11,0.13479330379402998,0.08764231204986572
