Epoch,Loss,Val_loss
1,0.6899579627947374,0.6811370849609375
2,0.6754481467333707,0.6597161889076233
3,0.6474016642931736,0.6182793378829956
4,0.5952997614036907,0.5449491143226624
5,0.5159086643746404,0.43311262130737305
6,0.3996369206544125,0.2979419529438019
7,0.2914357664007129,0.17628876864910126
8,0.20769144933332095,0.10984332114458084
9,0.17123837791609042,0.08873866498470306
10,0.15446361470403094,0.08691234141588211
11,0.13566019081256606,0.08828392624855042
