Epoch,Loss,Val_loss
1,0.6908127764860789,0.6820386648178101
2,0.676618038704901,0.6617230176925659
3,0.6502433464382634,0.6233044266700745
4,0.6027470086560105,0.5564610362052917
5,0.5247279107570648,0.45424386858940125
6,0.4186623448675329,0.324524849653244
7,0.3071549128402363,0.200903058052063
8,0.2163895002820275,0.12457966059446335
9,0.17473971098661423,0.09480324387550354
10,0.15168350528586994,0.09015347063541412
11,0.13266726368756004,0.09148257970809937
