Epoch,Loss,Val_loss
1,0.6899947885311011,0.680747389793396
2,0.6740273508158597,0.6565673351287842
3,0.6427160465356075,0.608620285987854
4,0.5824291290658893,0.5244734287261963
5,0.4912647306919098,0.3993293344974518
6,0.3696674605210622,0.25589510798454285
7,0.26069156893275003,0.1461094319820404
8,0.19076696422063943,0.09899985790252686
9,0.1603763737913334,0.08782119303941727
10,0.1433608363749403,0.0884879007935524
