Epoch,Loss,Val_loss
1,0.6897452383330374,0.680437445640564
2,0.6745296527038921,0.6573792695999146
3,0.6444238604921283,0.6139029264450073
4,0.5902841678171447,0.5394421815872192
5,0.5079762989824469,0.4282141625881195
6,0.3942400456377954,0.2924441397190094
7,0.2859261559717583,0.17159876227378845
8,0.20686796804269156,0.1060328483581543
9,0.1705143808415442,0.08627094328403473
10,0.1509904736144976,0.08412589132785797
11,0.13094114512205124,0.08493372052907944
