Epoch,Loss,Val_loss
1,0.6901439319957386,0.6811562180519104
2,0.6754314231150078,0.6602239608764648
3,0.6488555976838777,0.6218277812004089
4,0.6018222010496891,0.5565598607063293
5,0.5266900423801306,0.45827746391296387
6,0.4270293699069457,0.33388134837150574
7,0.31492995177254535,0.21243876218795776
8,0.2232357466762716,0.13057063519954681
9,0.17320320055340277,0.09579384326934814
10,0.15189118739781957,0.08831380307674408
11,0.1346660860334382,0.08851099759340286
