Epoch,Loss,Val_loss
1,0.6896898466529269,0.6803873181343079
2,0.6739419310381918,0.656108021736145
3,0.6416920856996016,0.609082818031311
4,0.58317672754779,0.5275143980979919
5,0.4924948996666706,0.40712669491767883
6,0.3765052051255197,0.26742246747016907
7,0.26720954793872254,0.15625502169132233
8,0.19534205600167764,0.1026880219578743
9,0.16232889664895606,0.08852576464414597
10,0.14482222869992256,0.08735417574644089
11,0.12337101296041951,0.08848638832569122
