Epoch,Loss,Val_loss
1,0.6907458621444125,0.6819451451301575
2,0.6765115757783254,0.65995192527771
3,0.6473625482934894,0.6169552206993103
4,0.5945784946282705,0.5406943559646606
5,0.505679056951494,0.4247871935367584
6,0.3913968616362774,0.28291916847229004
7,0.278173564509912,0.16295960545539856
8,0.2038721993114009,0.10341555625200272
9,0.1716554512580236,0.0882386788725853
10,0.15696525754350604,0.08752638846635818
11,0.13077782546028946,0.08874927461147308
