Epoch,Loss,Val_loss
1,0.6897885456229701,0.6800093650817871
2,0.674062967300415,0.6566629409790039
3,0.644190555269068,0.6120897531509399
4,0.5898486583521871,0.5347771644592285
5,0.5028868796247424,0.4184776246547699
6,0.39219687472690234,0.2789289057254791
7,0.2794624138059038,0.1633976846933365
8,0.20017065627105307,0.10437653213739395
9,0.16676308824257416,0.08747457712888718
10,0.14793418630054503,0.08635732531547546
11,0.12689648907292972,0.08778320252895355
