Epoch,Loss,Val_loss
1,0.6891744922507893,0.6790032982826233
2,0.6721734521966992,0.6531391143798828
3,0.639799686092319,0.6043412685394287
4,0.5803733431931698,0.5219653248786926
5,0.49056612316406134,0.4028576612472534
6,0.3762021814331864,0.26614418625831604
7,0.2688383665500265,0.15620248019695282
8,0.19893250772447296,0.10310596227645874
9,0.16487423872405832,0.08875937759876251
10,0.14835610951889644,0.08814021199941635
11,0.12831293441581004,0.08962828665971756
