Epoch,Loss,Val_loss
1,0.6893924104444908,0.6798285245895386
2,0.6728793084621429,0.6553175449371338
3,0.6403983912684701,0.6083843111991882
4,0.5825723201939554,0.5280548930168152
5,0.49278563486807275,0.41083016991615295
6,0.38088740769660834,0.27304744720458984
7,0.26554109065821674,0.16045333445072174
8,0.19391944349715204,0.10347874462604523
9,0.16817540720556723,0.08837060630321503
10,0.15125152310638718,0.0882561206817627
11,0.134033715634635,0.0894460529088974
