Epoch,Loss,Val_loss
1,0.6903022527694702,0.6799933314323425
2,0.67338971026016,0.6539843082427979
3,0.6404928917234595,0.6020885109901428
4,0.5776931381586826,0.5109487175941467
5,0.4776432387756579,0.3777119219303131
6,0.3539207966038675,0.232148677110672
7,0.24517256653670108,0.13131016492843628
8,0.1849833715594176,0.09416317194700241
9,0.16364195480039626,0.0896165668964386
10,0.1462792159255707,0.09218768030405045
