Epoch,Loss,Val_loss
1,0.6898221825108384,0.6811281442642212
2,0.6746826271216074,0.6587502360343933
3,0.6452117137836687,0.6154970526695251
4,0.5896470817652616,0.539697527885437
5,0.5065598009210645,0.4254101812839508
6,0.3931192656358083,0.28850340843200684
7,0.2762434852845741,0.17066848278045654
8,0.2023976892232895,0.10763886570930481
9,0.16750525028416605,0.08988659083843231
10,0.15058257588834473,0.08850359916687012
11,0.129267215390097,0.08924246579408646
