Epoch,Loss,Val_loss
1,0.6903564072016514,0.6810457110404968
2,0.6751627244732596,0.6589528322219849
3,0.6458019704529734,0.617145299911499
4,0.5948690166979125,0.5449354648590088
5,0.5117084022724268,0.4367881119251251
6,0.40419669223554205,0.3034864664077759
7,0.29114713632699213,0.1838892251253128
8,0.2090739564913692,0.11531466245651245
9,0.17087921432473444,0.09146283566951752
10,0.14769465453696973,0.08814641088247299
11,0.12989193878390573,0.08916067332029343
