Epoch,Loss,Val_loss
1,0.690286661639358,0.6813381314277649
2,0.6760249255281506,0.6594550013542175
3,0.6482610964413845,0.6180770993232727
4,0.5981285319183812,0.5469037890434265
5,0.5191674982056473,0.44044029712677
6,0.4090360552072525,0.310106486082077
7,0.29478990083391016,0.18957991898059845
8,0.2108943916179917,0.11659793555736542
9,0.1704193866162589,0.09116318076848984
10,0.14828224344687027,0.08736679702997208
11,0.13167713447050614,0.08804257959127426
