Epoch,Loss,Val_loss
1,0.690566695097721,0.6814857125282288
2,0.6760352308099921,0.6597421765327454
3,0.6488915853428118,0.6168602705001831
4,0.5965114949327527,0.5405452251434326
5,0.5143753786881765,0.42513641715049744
6,0.40603413636034186,0.28662344813346863
7,0.28789755205313367,0.17010052502155304
8,0.20660104715462888,0.1079910397529602
9,0.16520559979659138,0.0906904935836792
10,0.14584402491648993,0.09016627818346024
11,0.12612434871720546,0.09172256290912628
