Epoch,Loss,Val_loss
1,0.6906882623831431,0.6828690767288208
2,0.6775577411507115,0.6629570722579956
3,0.6517179996678324,0.6229143142700195
4,0.6008820443442373,0.5499870777130127
5,0.5209418761007714,0.43697023391723633
6,0.402677393320835,0.29690736532211304
7,0.29190196322672296,0.1736583411693573
8,0.2084824386419672,0.10943261533975601
9,0.16956612625808426,0.09132280945777893
10,0.14538011237075835,0.08978784084320068
11,0.13220648196610538,0.0908755511045456
