Epoch,Loss,Val_loss
1,0.6890905978101672,0.6779977083206177
2,0.6699259136662339,0.6494009494781494
3,0.6330181703423009,0.5940517783164978
4,0.5628541120977113,0.49999403953552246
5,0.4631651531566273,0.36806169152259827
6,0.3461781686002558,0.2285887748003006
7,0.24034034144697766,0.1334097534418106
8,0.19043304251902032,0.09466158598661423
9,0.16450565601840164,0.08715057373046875
10,0.14529804320949496,0.08728286623954773
