Epoch,Loss,Val_loss
1,0.6898988891731609,0.679608941078186
2,0.6731574905641151,0.6543149352073669
3,0.6405242383480072,0.6050493121147156
4,0.5801263839909525,0.5191218852996826
5,0.48696768645084265,0.3927736282348633
6,0.3659030573837685,0.25021472573280334
7,0.2576650455594063,0.14251740276813507
8,0.18542554951978452,0.09659955650568008
9,0.15700617568059402,0.08658327907323837
10,0.1386909263603615,0.08731216192245483
