Epoch,Loss,Val_loss
1,0.6905892084945332,0.681494414806366
2,0.6767139660589623,0.6611871719360352
3,0.6513862384088112,0.623397171497345
4,0.6053451787341725,0.5573880076408386
5,0.5330434089357202,0.45587068796157837
6,0.4276970543644645,0.32647907733917236
7,0.3161981159990484,0.2008528858423233
8,0.22236274950432056,0.1220216304063797
9,0.176857872894316,0.09168458729982376
10,0.15396309181144743,0.08679904043674469
11,0.13399699420639963,0.08798510581254959
