Epoch,Loss,Val_loss
1,0.6905380577752085,0.6814712882041931
2,0.6754400856567152,0.6594858169555664
3,0.645417329939929,0.6172125339508057
4,0.5918138812888752,0.5427942276000977
5,0.5080908446600942,0.42953547835350037
6,0.3937660704056422,0.29065197706222534
7,0.28136680433244415,0.17075276374816895
8,0.20517889568299957,0.10806231945753098
9,0.16437813413865637,0.08960002660751343
10,0.1425392044087251,0.08702386915683746
11,0.12500095931869565,0.08800988644361496
