Epoch,Loss,Val_loss
1,0.6893999477227529,0.6792006492614746
2,0.671969698234038,0.652404248714447
3,0.6378508110841116,0.5988346338272095
4,0.5711725751558939,0.5045576095581055
5,0.4690803158463854,0.368468314409256
6,0.33878332873185474,0.2222016155719757
7,0.23274297831636487,0.12414569407701492
8,0.18153337569850864,0.09039736539125443
9,0.1611936396044312,0.08709274232387543
10,0.14837415448643945,0.0890430361032486
