Epoch,Loss,Val_loss
1,0.6910608528238354,0.6823791265487671
2,0.6769999148267688,0.6615180969238281
3,0.6494239099097975,0.6198968887329102
4,0.5974102688558174,0.5434020757675171
5,0.509162137002656,0.4228653907775879
6,0.3911647552793676,0.27509352564811707
7,0.27241035505677713,0.15531423687934875
8,0.20052873094876608,0.10024071484804153
9,0.16673717286550638,0.08782854676246643
10,0.15249021690000186,0.08824983239173889
