Epoch,Loss,Val_loss
1,0.6905470246618445,0.6813310384750366
2,0.6741270133943269,0.6564366221427917
3,0.6401315186962937,0.6053534150123596
4,0.5778564982341997,0.5138516426086426
5,0.47676031426949933,0.38014712929725647
6,0.3514353208469622,0.23337601125240326
7,0.23637989953611838,0.13056811690330505
8,0.18279980100465543,0.09197519719600677
9,0.1563714218862129,0.08742239326238632
10,0.14083114605058322,0.08937070518732071
