Epoch,Loss,Val_loss
1,0.690565596927296,0.6814377903938293
2,0.6761714761907404,0.6605493426322937
3,0.6488712366783258,0.6210198998451233
4,0.5985790608507214,0.5514673590660095
5,0.516858949805751,0.44454920291900635
6,0.4139977978034453,0.31092825531959534
7,0.2983951776316672,0.19100593030452728
8,0.21458916862805685,0.11953677982091904
9,0.175376502401901,0.09312641620635986
10,0.15370865256497354,0.08817197382450104
11,0.14195979284969243,0.08861986547708511
