Epoch,Loss,Val_loss
1,0.6887415475917585,0.677128255367279
2,0.6693902331771273,0.6469181776046753
3,0.6319619019826254,0.5887744426727295
4,0.5644669966264204,0.4903353452682495
5,0.46119102519569977,0.35573825240135193
6,0.33445189035300055,0.21745005249977112
7,0.2428231512506803,0.12558533251285553
8,0.18288645825602792,0.09427518397569656
9,0.15732811413931125,0.08956921845674515
10,0.1394122407743425,0.09117728471755981
