Epoch,Loss,Val_loss
1,0.689034129634048,0.6775082349777222
2,0.6702603408784578,0.6470828652381897
3,0.629907820260886,0.586617648601532
4,0.5567515248602087,0.4826788604259491
5,0.4435335004871542,0.3396560251712799
6,0.32230174496318353,0.19820259511470795
7,0.22157882582960706,0.11560851335525513
8,0.17856643190889648,0.09123446047306061
9,0.1598199341784824,0.08978862315416336
10,0.13673113038142523,0.09116999804973602
