Epoch,Loss,Val_loss
1,0.6894726509397681,0.6798520684242249
2,0.6724581655227777,0.6539410352706909
3,0.6385440284555609,0.601844072341919
4,0.5740288387645375,0.5109390020370483
5,0.4711853328979377,0.37884852290153503
6,0.3528173909042821,0.2344851940870285
7,0.2517807296279705,0.13435271382331848
8,0.18749460487654715,0.09592460840940475
9,0.1632077811342297,0.08732129633426666
10,0.13911633306380475,0.08739213645458221
