Epoch,Loss,Val_loss
1,0.690539272445621,0.6818132400512695
2,0.6763213349111152,0.6608421802520752
3,0.6494175882050486,0.6215935349464417
4,0.6003580274003925,0.5545117259025574
5,0.5232917946396451,0.45351412892341614
6,0.4191126602165627,0.3265642523765564
7,0.3109172826463526,0.2043464183807373
8,0.22000460123473947,0.12628814578056335
9,0.17634616792201996,0.09429953992366791
10,0.1536190083081072,0.08805927634239197
11,0.13648078929294238,0.08877315372228622
