Epoch,Loss,Val_loss
1,0.6895599283955314,0.6798437237739563
2,0.6726242782491626,0.6546258926391602
3,0.6382887480836926,0.6051439046859741
4,0.5748355487982432,0.5189307332038879
5,0.4811041648640777,0.3923257887363434
6,0.35544826090335846,0.2514529526233673
7,0.2529409410375537,0.14410975575447083
8,0.18813021526192175,0.09825509041547775
9,0.16361839391968466,0.08750288188457489
10,0.14414461273135562,0.08754316717386246
