Epoch,Loss,Val_loss
1,0.6916465822494391,0.6833868026733398
2,0.6779604066501964,0.6637372374534607
3,0.6514878950335763,0.624323844909668
4,0.6016473029599045,0.5520774722099304
5,0.5167931101538918,0.4378964304924011
6,0.4005096292856968,0.2931727468967438
7,0.2818010919021838,0.16826671361923218
8,0.20570766293641293,0.1049959659576416
9,0.1663202910938046,0.0894845649600029
10,0.14968412877483803,0.08831976354122162
11,0.12580937372915674,0.08937861025333405
