Epoch,Loss,Val_loss
1,0.6909841479677142,0.6818253397941589
2,0.6765355052370013,0.6603153944015503
3,0.6482796235518022,0.6181093454360962
4,0.5952336562402321,0.5430133938789368
5,0.5115391304998687,0.42804038524627686
6,0.39715086375222064,0.28784894943237305
7,0.2781327384890932,0.16644039750099182
8,0.19575208560986954,0.10213623940944672
9,0.16327024657617917,0.08426136523485184
10,0.1491472584505876,0.0842721238732338
