Epoch,Loss,Val_loss
1,0.6903677293748567,0.6796001195907593
2,0.6722664733727773,0.6504029035568237
3,0.6322917405403021,0.589269757270813
4,0.5587981894160762,0.480797678232193
5,0.44835881527626154,0.3303591012954712
6,0.31744179265065625,0.18892455101013184
7,0.22366817498748953,0.11037593334913254
8,0.18006091531027446,0.09018562734127045
9,0.1628442799503153,0.08965063095092773
10,0.1348460273760738,0.09100908041000366
