Epoch,Loss,Val_loss
1,0.6900133364128344,0.6818960905075073
2,0.6768280710234786,0.6624300479888916
3,0.6512267291545868,0.625849723815918
4,0.6075046369523713,0.5623339414596558
5,0.5360639601042776,0.4652904272079468
6,0.43219950208158203,0.340960830450058
7,0.3202776335405581,0.21526552736759186
8,0.23129929940808902,0.12883557379245758
9,0.1763911514796994,0.09420790523290634
10,0.1554368282809402,0.08624608814716339
11,0.13782579158291672,0.08644816279411316
