Epoch,Loss,Val_loss
1,0.6894274706190283,0.6785290241241455
2,0.6719326702031222,0.6519737839698792
3,0.6380714801224795,0.6022410988807678
4,0.5763829476905592,0.5181580781936646
5,0.4910297434438359,0.39629489183425903
6,0.3692356686700474,0.2602763772010803
7,0.2576794267603845,0.15222209692001343
8,0.19480866419546533,0.10046472400426865
9,0.16524005794163907,0.08871176093816757
10,0.14876476246299167,0.0886557325720787
11,0.1307087265180819,0.08954956382513046
