Epoch,Loss,Val_loss
1,0.6896795233090719,0.6789095401763916
2,0.6720119931481101,0.6509422659873962
3,0.6370403694384026,0.5959891676902771
4,0.5707652026956732,0.5013542771339417
5,0.46285777832522534,0.3674267828464508
6,0.3363972726193341,0.22510671615600586
7,0.23932670508370255,0.12904639542102814
8,0.18299646472389047,0.09600711613893509
9,0.15946526599652838,0.09221887588500977
10,0.1430448584935882,0.09434377402067184
