Epoch,Loss,Val_loss
1,0.6910430951551958,0.6835607886314392
2,0.6782792580850197,0.6658636927604675
3,0.654300798069347,0.6319591999053955
4,0.6118473067428126,0.5713974237442017
5,0.5387602312998339,0.47615954279899597
6,0.4407417557456277,0.3478561341762543
7,0.3231235123945005,0.2178376168012619
8,0.23164792652382996,0.12997852265834808
9,0.1802295141599395,0.09486845135688782
10,0.15444721416993576,0.08739673346281052
11,0.1364045680472345,0.08782419562339783
