Epoch,Loss,Val_loss
1,0.6885312280871652,0.6752877235412598
2,0.6665414318893895,0.640484631061554
3,0.6199425422784054,0.5722252726554871
4,0.5417065475926255,0.4588586986064911
5,0.42029496891932056,0.31025126576423645
6,0.2913944350950646,0.17554491758346558
7,0.20981030008106522,0.1064583957195282
8,0.17240216966831323,0.09199324995279312
9,0.15584774766907547,0.09297853708267212
