Epoch,Loss,Val_loss
1,0.6895817427924185,0.6794867515563965
2,0.67312224706014,0.6547038555145264
3,0.6407342544107726,0.6076787114143372
4,0.5833321927171765,0.5275425910949707
5,0.4930695209539298,0.4099218547344208
6,0.3812988915226676,0.2725070118904114
7,0.2639033372203509,0.16171681880950928
8,0.191482877415238,0.10507893562316895
9,0.15929323175188267,0.08955647796392441
10,0.1411062079397115,0.0889848843216896
11,0.127082293232282,0.09035896509885788
