Epoch,Loss,Val_loss
1,0.6893657066605308,0.6792948842048645
2,0.6716310192238201,0.6519607305526733
3,0.6354178154107296,0.5964884757995605
4,0.5689921090097139,0.498697966337204
5,0.45972632549025794,0.3585617244243622
6,0.33960710059512744,0.21262070536613464
7,0.23497739569707352,0.12194366008043289
8,0.18259821651559888,0.09126779437065125
9,0.1569084692181963,0.08778434246778488
10,0.13505339554765008,0.08912701159715652
