Epoch,Loss,Val_loss
1,0.6890344682968024,0.676891028881073
2,0.6680712076750669,0.6445848941802979
3,0.6254254832412257,0.5801258683204651
4,0.5475934969656395,0.4700751006603241
5,0.4308011938225139,0.322019100189209
6,0.30057460430896643,0.18354490399360657
7,0.209926768460057,0.10763995349407196
8,0.16721997342326425,0.08807552605867386
9,0.1520204492139094,0.08780255913734436
10,0.12483266233043237,0.08965358883142471
