Epoch,Loss,Val_loss
1,0.689525918527083,0.6785309314727783
2,0.6716002108472766,0.6502104997634888
3,0.6338230263103138,0.5935799479484558
4,0.5667988847602498,0.4944609999656677
5,0.4662000694961259,0.3539224863052368
6,0.3424557948654348,0.2116745412349701
7,0.2331723724350785,0.12297757714986801
8,0.18978032966454825,0.09033209085464478
9,0.16616576029495758,0.08746829628944397
10,0.14103777514714183,0.0890614464879036
