Epoch,Loss,Val_loss
1,0.6901098363327257,0.6813955307006836
2,0.6757364273071289,0.6606700420379639
3,0.6488779620690779,0.622433602809906
4,0.6021800221818866,0.5576871037483215
5,0.5294548173745474,0.46023592352867126
6,0.43033620579676196,0.33621031045913696
7,0.3233804874347918,0.21356412768363953
8,0.2313805604071328,0.1311614066362381
9,0.17950968557234967,0.09649641066789627
10,0.1528009424606959,0.08820964395999908
11,0.1397740212128018,0.08850478380918503
