Epoch,Loss,Val_loss
1,0.6900409721966946,0.6812586784362793
2,0.6743933377843915,0.6582897901535034
3,0.6439139355312694,0.6119044423103333
4,0.5865852065158613,0.5282191634178162
5,0.49592887768239685,0.40218475461006165
6,0.3722191538774606,0.25771984457969666
7,0.26421101933175867,0.14416605234146118
8,0.1939540369944139,0.09445018321275711
9,0.1671784192775235,0.0849342867732048
10,0.14540000903335484,0.0863277018070221
