Epoch,Loss,Val_loss
1,0.6896601409623118,0.6784455180168152
2,0.6709661185741425,0.6488074660301208
3,0.6330705655343605,0.588280975818634
4,0.5589118708263744,0.4819093346595764
5,0.44559502827398706,0.33264055848121643
6,0.3101253306323832,0.18723559379577637
7,0.22035294116446466,0.10625451803207397
8,0.17830452526157553,0.08758696913719177
9,0.16685260358181866,0.08871657401323318
