Epoch,Loss,Val_loss
1,0.6906792124112447,0.6813357472419739
2,0.6742404708356569,0.6579649448394775
3,0.6424319455117891,0.611853301525116
4,0.5813963566765641,0.5302203893661499
5,0.48508795689452777,0.4069632291793823
6,0.3666567978533832,0.26214224100112915
7,0.2559930989236543,0.14860892295837402
8,0.1865468921534943,0.09694252163171768
9,0.15543122679898233,0.08435990661382675
10,0.13819430994265008,0.08434763550758362
11,0.12096093369252754,0.0858062282204628
