Epoch,Loss,Val_loss
1,0.6906748513380686,0.6829935312271118
2,0.6768889400092039,0.6640171408653259
3,0.6502884084528143,0.6274465918540955
4,0.6042655245824293,0.5629168748855591
5,0.5303754363999222,0.46260201930999756
6,0.428687492554838,0.33284005522727966
7,0.31728819554502313,0.20647990703582764
8,0.22612803429365158,0.12510204315185547
9,0.17679701361692313,0.09272604435682297
10,0.15307883715087717,0.08635807037353516
11,0.13376892188733275,0.0869281217455864
