Epoch,Loss,Val_loss
1,0.6891291331161152,0.6779154539108276
2,0.6695162527488939,0.6496387124061584
3,0.6325190843957843,0.5957161784172058
4,0.5641933399619479,0.5046627521514893
5,0.4687741868423693,0.3751894533634186
6,0.3517512074022582,0.23809610307216644
7,0.24223043498667804,0.14153511822223663
8,0.1827761447339347,0.09800174832344055
9,0.1529706890384356,0.08799328655004501
10,0.13704312220215797,0.08846999704837799
