Epoch,Loss,Val_loss
1,0.6898408098654314,0.6790882349014282
2,0.6717350166855436,0.6510101556777954
3,0.6340007357525103,0.5949956774711609
4,0.5663900655327421,0.49773165583610535
5,0.46189940969149273,0.3598923087120056
6,0.3392139501643903,0.21580901741981506
7,0.23761722242290323,0.12346790730953217
8,0.181566034302567,0.09243237227201462
9,0.1578636903202895,0.0874270647764206
10,0.13827965905268988,0.0885205864906311
