Epoch,Loss,Val_loss
1,0.6890526802250834,0.675297737121582
2,0.6664093750895876,0.6387366056442261
3,0.6181260907288754,0.5660638213157654
4,0.5319674809773763,0.4449140727519989
5,0.42023521661758423,0.2898513078689575
6,0.2881570006861831,0.16134624183177948
7,0.2084225822578777,0.09949945658445358
8,0.16936121948740698,0.08632410317659378
9,0.14899660816246812,0.08667391538619995
