Epoch,Loss,Val_loss
1,0.6901333919077208,0.6803948879241943
2,0.673596871621681,0.6552829146385193
3,0.6395853821075324,0.6043422222137451
4,0.5754662508314307,0.5139257311820984
5,0.4745417548851533,0.38104814291000366
6,0.35061907813404547,0.23460781574249268
7,0.24528042339917386,0.13192376494407654
8,0.1843603883277286,0.0934944599866867
9,0.15663744068958543,0.08609968423843384
10,0.1398073233889811,0.08710335195064545
