Epoch,Loss,Val_loss
1,0.6906476120154063,0.6799263954162598
2,0.6728571147629709,0.6510998606681824
3,0.6354449788729349,0.5903887748718262
4,0.5629366591121211,0.4816667139530182
5,0.4455847785328374,0.32818469405174255
6,0.3081603772712476,0.1803303360939026
7,0.20920854332772168,0.10179299116134644
8,0.17757581704945274,0.08512871712446213
9,0.16196596419269388,0.08761090785264969
