Epoch,Loss,Val_loss
1,0.6893383996053175,0.6782355308532715
2,0.6715699407187375,0.6520567536354065
3,0.6383845300385447,0.6026280522346497
4,0.577216209787311,0.5183058977127075
5,0.48070733791047876,0.39563417434692383
6,0.36207462260217377,0.25583839416503906
7,0.25744715242674854,0.14693766832351685
8,0.19170684119065604,0.0976756289601326
9,0.16026905743461667,0.08642993122339249
10,0.14083694756934137,0.08659225702285767
