Epoch,Loss,Val_loss
1,0.6896544333660242,0.678625762462616
2,0.6711124335274552,0.6493021845817566
3,0.6329381574283947,0.5916345715522766
4,0.5644202945810376,0.4930386543273926
5,0.4573077947804422,0.35411736369132996
6,0.33314385739239777,0.21200771629810333
7,0.23478938323078732,0.12187943607568741
8,0.18434350169969327,0.09235452115535736
9,0.15986260478243683,0.08940624445676804
10,0.14290880863413666,0.0910351574420929
