Epoch,Loss,Val_loss
1,0.6898051572568489,0.678695023059845
2,0.6717118666027532,0.6496168971061707
3,0.6336297961798582,0.5910575985908508
4,0.5648987663514686,0.48834148049354553
5,0.45371468952207855,0.3441920280456543
6,0.3290155259045688,0.198720321059227
7,0.22273329058379837,0.11263149976730347
8,0.17639110869530475,0.08732955902814865
9,0.15455177031231648,0.08724325150251389
10,0.1371641210985906,0.08959701657295227
