Epoch,Loss,Val_loss
1,0.688539748842066,0.6763363480567932
2,0.6674666395693114,0.6412882804870605
3,0.6215488404938669,0.5691362619400024
4,0.5344039048209335,0.4464130997657776
5,0.4169520947969321,0.28765207529067993
6,0.29210888413768826,0.15653212368488312
7,0.208840615595832,0.09896750748157501
8,0.16878922870664886,0.0878150463104248
9,0.14706474982879378,0.08856236934661865
