Epoch,Loss,Val_loss
1,0.688337010867668,0.6759757995605469
2,0.6658375416741227,0.6405403017997742
3,0.6186018586158752,0.5695111751556396
4,0.5347809791564941,0.4507843255996704
5,0.41667677146015747,0.2979598045349121
6,0.287361587990414,0.1666186898946762
7,0.20519404406800415,0.10222365707159042
8,0.1707125904433655,0.08841502666473389
9,0.15668544805411136,0.08920054137706757
