Epoch,Loss,Val_loss
1,0.6894911852749911,0.6800334453582764
2,0.673393625201601,0.6562674045562744
3,0.6425850048209681,0.6106860041618347
4,0.5839338880596738,0.5322228670120239
5,0.4986685848597324,0.41485270857810974
6,0.3811717462359053,0.2777116000652313
7,0.2648874552864017,0.1631767600774765
8,0.19619704647497696,0.1033366471529007
9,0.16462728200536786,0.08720115572214127
10,0.1469456498144251,0.08658236265182495
11,0.12929917589733095,0.0879342257976532
