Epoch,Loss,Val_loss
1,0.6908151724121787,0.681903600692749
2,0.6764253377914429,0.6592398285865784
3,0.6465249197049574,0.6132416725158691
4,0.5905113129904775,0.5308972001075745
5,0.49631725477449823,0.4068889617919922
6,0.3817204029271097,0.26190200448036194
7,0.2623729814182628,0.14919936656951904
8,0.18816692878802618,0.09732963889837265
9,0.1555659186207887,0.08613809943199158
10,0.1378917017895164,0.08741141110658646
