Epoch,Loss,Val_loss
1,0.6904621286825701,0.6827940940856934
2,0.6777375855229117,0.6634083986282349
3,0.6515202982859178,0.6256715655326843
4,0.6030836141470707,0.5586560368537903
5,0.5276428108865564,0.4552450478076935
6,0.4213851938645045,0.3235827386379242
7,0.30955021760680457,0.19699740409851074
8,0.21821143026604797,0.1181410476565361
9,0.1709545026674415,0.0896865725517273
10,0.15119984994331995,0.08496197313070297
11,0.13376801844799158,0.08596164733171463
