Epoch,Loss,Val_loss
1,0.6894151785156943,0.6765786409378052
2,0.6680549744403723,0.6418229937553406
3,0.6229089579798959,0.5708308219909668
4,0.5381657336697434,0.44837871193885803
5,0.4112478273384499,0.2880105972290039
6,0.2862040495330637,0.15424297749996185
7,0.20094378337715613,0.09855493158102036
8,0.1709967011755163,0.08897697925567627
9,0.1484614344257297,0.090764120221138
