Epoch,Loss,Val_loss
1,0.689490640705282,0.6790079474449158
2,0.6733926110195391,0.6539617776870728
3,0.6425862628402133,0.6058588624000549
4,0.5838932431105411,0.522584080696106
5,0.4940822914694295,0.399900883436203
6,0.37671574679287995,0.25855305790901184
7,0.2643847027511308,0.14829641580581665
8,0.19433712056188873,0.09827941656112671
9,0.16665483649932977,0.08767502009868622
10,0.1485228743968588,0.08911500126123428
