Epoch,Loss,Val_loss
1,0.6882879842411388,0.67573481798172
2,0.6668573428284038,0.6429853439331055
3,0.625484436750412,0.5790194869041443
4,0.5480190190401945,0.47109538316726685
5,0.4435210643392621,0.3267202377319336
6,0.31689512007164233,0.19200517237186432
7,0.2245701619169929,0.11317730695009232
8,0.1766156813863552,0.09080175310373306
9,0.1509567673007647,0.08910530060529709
10,0.13064921319936262,0.09122175723314285
