Epoch,Loss,Val_loss
1,0.6900886215946891,0.678962230682373
2,0.6714647042028832,0.6482669711112976
3,0.6306380683725531,0.5844711065292358
4,0.5567657658548066,0.47205594182014465
5,0.43619901303089026,0.3184061646461487
6,0.3102091654683604,0.17529655992984772
7,0.2147158786202922,0.10346923023462296
8,0.17314077191280597,0.08737798780202866
9,0.15221968857627927,0.08891119807958603
