Epoch,Loss,Val_loss
1,0.6900015979102163,0.6791837215423584
2,0.6720491710937384,0.6511600017547607
3,0.6349038833921606,0.593903660774231
4,0.5620863672458765,0.49292171001434326
5,0.45499517023563385,0.3494121730327606
6,0.31739644615939167,0.20434154570102692
7,0.2201189769036842,0.11522126942873001
8,0.1755346100438725,0.08981255441904068
9,0.15213511782613667,0.08881673216819763
10,0.13441686095161873,0.09032350778579712
