Epoch,Loss,Val_loss
1,0.68986673969211,0.6788736581802368
2,0.6709669485236659,0.6493450403213501
3,0.6321510437763098,0.5880955457687378
4,0.557714452346166,0.48040905594825745
5,0.4423775952873808,0.33095914125442505
6,0.30928999050097034,0.18760466575622559
7,0.21598096214460605,0.11001832783222198
8,0.1741950683521502,0.09073587507009506
9,0.15124738938880689,0.09069108217954636
10,0.1300058143608498,0.09197138249874115
