Epoch,Loss,Val_loss
1,0.6904333423484456,0.681293249130249
2,0.6746102119937087,0.6585031151771545
3,0.6432950307022441,0.6133012175559998
4,0.5858008111968185,0.5337417125701904
5,0.4976042883865761,0.41479402780532837
6,0.3751630819205082,0.27583131194114685
7,0.2656554579734802,0.1596836894750595
8,0.19682806888313004,0.1026197150349617
9,0.1662874458865686,0.08861462771892548
10,0.14729569039561533,0.08809365332126617
11,0.12714923286076749,0.0893591046333313
