Epoch,Loss,Val_loss
1,0.6890602816234935,0.6765962839126587
2,0.6681800882021586,0.6450898051261902
3,0.6263260985865737,0.5833768248558044
4,0.5519712811166589,0.4795060157775879
5,0.4447308990991477,0.3381628394126892
6,0.3180059018460187,0.20090968906879425
7,0.22022559109962347,0.11686544120311737
8,0.1720046346837824,0.08946380764245987
9,0.14950934458862652,0.08678460121154785
10,0.13185229220173575,0.08857046812772751
