Epoch,Loss,Val_loss
1,0.6898334170832778,0.6767945289611816
2,0.669160623442043,0.6428977251052856
3,0.6261887830315214,0.5739955306053162
4,0.5457158603451469,0.4554087221622467
5,0.42011151033820526,0.2972825765609741
6,0.2880183778928988,0.15929485857486725
7,0.19796117666092786,0.09585006535053253
8,0.16458092652487033,0.08556132763624191
9,0.1461912663371274,0.08801794052124023
