Epoch,Loss,Val_loss
1,0.690555313319871,0.6825553178787231
2,0.6769649332219904,0.6625315546989441
3,0.6494397286212805,0.6236984133720398
4,0.5999020744453777,0.555850088596344
5,0.5215319006732015,0.45277929306030273
6,0.41507468395160907,0.3249210715293884
7,0.30536458031697705,0.20113244652748108
8,0.21861541135744614,0.12186691910028458
9,0.17234598664623318,0.09137550741434097
10,0.15020051124421033,0.08516231179237366
11,0.1342940375660405,0.0857909694314003
