Epoch,Loss,Val_loss
1,0.6903190061901555,0.6795594692230225
2,0.6712629027438887,0.6503044962882996
3,0.6329643527666727,0.5895889401435852
4,0.5570137202739716,0.4819352924823761
5,0.4406558365532846,0.3302963972091675
6,0.31085633554241876,0.1844041794538498
7,0.21009388475707083,0.10717400908470154
8,0.17342773249203508,0.08943769335746765
9,0.1544655008297978,0.0913136824965477
