Epoch,Loss,Val_loss
1,0.6912456606373643,0.681766927242279
2,0.6756540898120764,0.660003125667572
3,0.6460117887366902,0.6175255179405212
4,0.5916875709186901,0.5419273972511292
5,0.5022077619126348,0.42641496658325195
6,0.38403570426232886,0.28457581996917725
7,0.2702509618618272,0.16316363215446472
8,0.1962123890266274,0.10174200683832169
9,0.1617668221394221,0.08637915551662445
10,0.14221644469282843,0.08624260127544403
11,0.12711021665370825,0.08792140334844589
