Epoch,Loss,Val_loss
1,0.6889602939287821,0.6777966022491455
2,0.6694186104066444,0.6454273462295532
3,0.62562229235967,0.5789374709129333
4,0.5486520700382463,0.4639395475387573
5,0.4248340337565451,0.30911383032798767
6,0.2994808139223041,0.16872747242450714
7,0.215670492161404,0.10076893121004105
8,0.17713344887350546,0.08850576728582382
9,0.15920390730554407,0.09072922170162201
