Epoch,Loss,Val_loss
1,0.6901482271425652,0.6803885102272034
2,0.6742719565377091,0.6575770974159241
3,0.6443774555668687,0.6138638854026794
4,0.589311440785726,0.5374091267585754
5,0.5025708169648142,0.4223477244377136
6,0.39011201533404266,0.28469276428222656
7,0.2789890445543058,0.16731514036655426
8,0.20402314288146567,0.10490334779024124
9,0.16562700203873895,0.0870828777551651
10,0.14377798365824151,0.08525168150663376
11,0.1262480483362169,0.08667831122875214
