Epoch,Loss,Val_loss
1,0.6880491999062625,0.6754052042961121
2,0.6655241485797998,0.6386869549751282
3,0.616912429079865,0.5628509521484375
4,0.5300708964015498,0.4338388442993164
5,0.395174065322587,0.27095672488212585
6,0.27035115975322144,0.14227443933486938
7,0.1996542802362731,0.09201949834823608
8,0.17386912181973457,0.08650816231966019
9,0.15807085913239102,0.08861909806728363
