Epoch,Loss,Val_loss
1,0.6899891333146528,0.6786655187606812
2,0.6694430311520895,0.6459524035453796
3,0.6252063557957158,0.5764003396034241
4,0.5399691236741615,0.45187947154045105
5,0.4128452512350949,0.28627529740333557
6,0.27939936789599334,0.14914342761039734
7,0.19476886770941995,0.0940101146697998
8,0.1697965090473493,0.08729588985443115
9,0.15231170076312442,0.09111165255308151
