Epoch,Loss,Val_loss
1,0.6900715566042698,0.678248405456543
2,0.6699685824639869,0.6467182636260986
3,0.6281615685332905,0.5812950730323792
4,0.5497599551171968,0.46594077348709106
5,0.42628574687423126,0.30915573239326477
6,0.3006581063523437,0.16778622567653656
7,0.2158472998575731,0.09978426247835159
8,0.17894792251966216,0.08652951568365097
9,0.15196087256525503,0.08767598122358322
