Epoch,Loss,Val_loss
1,0.6886921606280587,0.678234875202179
2,0.6713810382467328,0.6516230702400208
3,0.6357855309139598,0.603336751461029
4,0.5778317623066179,0.5244783163070679
5,0.4942538666002678,0.41148266196250916
6,0.387551720846783,0.2808970808982849
7,0.2799304461840427,0.17189563810825348
8,0.20926646865678555,0.1093333438038826
9,0.17283456061374058,0.08944779634475708
10,0.14689206727074855,0.08639505505561829
11,0.1318950525513201,0.08723633736371994
