Epoch,Loss,Val_loss
1,0.6883409501928272,0.6734854578971863
2,0.6625279730016534,0.6309179067611694
3,0.6072247037381837,0.544424295425415
4,0.50577783945835,0.4038509130477905
5,0.3647358047239708,0.23959429562091827
6,0.2512517594026797,0.12679916620254517
7,0.18168302060979785,0.09241774678230286
8,0.15884628451683305,0.089481882750988
9,0.14404926291017822,0.0921502634882927
