Epoch,Loss,Val_loss
1,0.6879599446600134,0.6752536296844482
2,0.6653971997174349,0.638205349445343
3,0.6167038652029905,0.5602099895477295
4,0.5226123522628437,0.4269317090511322
5,0.3907680976571459,0.26179593801498413
6,0.2609938324400873,0.13685187697410583
7,0.2024377245794643,0.09143639355897903
8,0.17664732332482483,0.08776175230741501
9,0.1527372764592821,0.090056411921978
