Epoch,Loss,Val_loss
1,0.6900485293431715,0.6799452900886536
2,0.6739184016531165,0.6543680429458618
3,0.6400733120513685,0.6031351089477539
4,0.5754406786326206,0.5132580399513245
5,0.47668143700469623,0.3825901448726654
6,0.3631021114009799,0.2396252304315567
7,0.25431655144149606,0.13998953998088837
8,0.18499747618581308,0.09911461174488068
9,0.15810410994471927,0.08948248624801636
10,0.1398609641826514,0.09015300124883652
