Epoch,Loss,Val_loss
1,0.6888090579798727,0.6752545833587646
2,0.6653460896376407,0.6352753639221191
3,0.6132371127605438,0.5517398715019226
4,0.5170179108778635,0.4116976857185364
5,0.3831145984656883,0.24489279091358185
6,0.25655960765751923,0.12779207527637482
7,0.19030307413953723,0.09091901034116745
8,0.17227908020669763,0.08968368172645569
9,0.1537036176658038,0.09266707301139832
