Epoch,Loss,Val_loss
1,0.6897950958121907,0.678926944732666
2,0.6718731576746161,0.6511426568031311
3,0.634937298117262,0.5955124497413635
4,0.5681694655707388,0.49758222699165344
5,0.4624785658988086,0.35708844661712646
6,0.3355774287924622,0.2116217464208603
7,0.2347915590260968,0.12070847302675247
8,0.1811277891198794,0.09249277412891388
9,0.16472825216072978,0.08968890458345413
10,0.13996113554546327,0.09137953817844391
