Epoch,Loss,Val_loss
1,0.689350757635001,0.6780338883399963
2,0.6697665832259438,0.6487513184547424
3,0.6304882710630243,0.5895398855209351
4,0.5584991131768082,0.4856488108634949
5,0.45246907752571686,0.34069955348968506
6,0.3245169272025426,0.1988924741744995
7,0.2220170127623009,0.11351408064365387
8,0.1817221131288644,0.0879821628332138
9,0.1613570832167611,0.08669979870319366
10,0.13920489969578656,0.08859271556138992
