Epoch,Loss,Val_loss
1,0.6911597965341626,0.679861843585968
2,0.6726148914207112,0.6519917249679565
3,0.634407409212806,0.5942714810371399
4,0.5617194789828677,0.49027806520462036
5,0.44817913797768677,0.3417151868343353
6,0.31641446866772394,0.19458654522895813
7,0.22312898256561972,0.11111779510974884
8,0.1773196808768041,0.09010014683008194
9,0.16036495476058035,0.08960092067718506
10,0.13619898282217258,0.09141430258750916
