Epoch,Loss,Val_loss
1,0.689806850570621,0.6795336604118347
2,0.6728718461412372,0.6540974974632263
3,0.637782995447968,0.6044294238090515
4,0.5778885429555719,0.5174857378005981
5,0.4800849710450028,0.3910677433013916
6,0.3596656065095555,0.24908514320850372
7,0.2452827116305178,0.14306141436100006
8,0.18568994985385376,0.09742535650730133
9,0.16049591880856137,0.0878276452422142
10,0.14370258525013924,0.08848787099123001
