Epoch,Loss,Val_loss
1,0.6907869613531864,0.6820276379585266
2,0.6760958324779164,0.6605815291404724
3,0.6466398275259769,0.6186815500259399
4,0.591441523848158,0.5441694259643555
5,0.5050084175485553,0.4295468330383301
6,0.3941737115383148,0.2905699908733368
7,0.2859527748642546,0.1714066118001938
8,0.2097998611403234,0.10891194641590118
9,0.1710901330366279,0.08890026807785034
10,0.14662603627551685,0.08550874888896942
11,0.12856152664982912,0.0861361026763916
