Epoch,Loss,Val_loss
1,0.6890341784014846,0.6771551966667175
2,0.6689489194841096,0.64509117603302
3,0.6267750172904043,0.5803255438804626
4,0.5490387768456431,0.4670981764793396
5,0.42855330714673706,0.31211528182029724
6,0.3036236221140081,0.1717790812253952
7,0.2145823429931294,0.10201341658830643
8,0.17745182143919397,0.08727170526981354
9,0.16551083281184686,0.0887121930718422
