Epoch,Loss,Val_loss
1,0.690695255091696,0.68088698387146
2,0.6749856788100619,0.6566047668457031
3,0.6419524243383696,0.6074429154396057
4,0.5817138046929331,0.5185045003890991
5,0.48077700625766406,0.38429537415504456
6,0.3552701337770982,0.23407119512557983
7,0.2473996699307904,0.13009372353553772
8,0.18875029570225513,0.09339167922735214
9,0.16565910568743042,0.08883681893348694
10,0.14463214914907108,0.09071773290634155
