Epoch,Loss,Val_loss
1,0.6900266020586996,0.6790545582771301
2,0.6719810475002636,0.64948570728302
3,0.6324283074248921,0.589726984500885
4,0.5604169477115978,0.48515141010284424
5,0.4514815035191449,0.3366110920906067
6,0.32181307537989184,0.18991437554359436
7,0.21969459521951099,0.10719829052686691
8,0.16881054188265945,0.0853157490491867
9,0.1519745256413113,0.08514726161956787
10,0.1318745179609819,0.08763200044631958
