Epoch,Loss,Val_loss
1,0.6903013650215033,0.6795961856842041
2,0.6728690871686647,0.65284264087677
3,0.6364380148324099,0.6011030077934265
4,0.5723418187011372,0.5117644667625427
5,0.47358165907137323,0.38219308853149414
6,0.356225615197962,0.23981936275959015
7,0.25247471779584885,0.13711683452129364
8,0.18797186062191473,0.0960855633020401
9,0.1629940779371695,0.08788709342479706
10,0.13659517376711874,0.08841317892074585
