Epoch,Loss,Val_loss
1,0.6900842370408954,0.6776741147041321
2,0.6676949271650026,0.6422685384750366
3,0.6207158944823525,0.567213237285614
4,0.5319533221649401,0.43724939227104187
5,0.39560597773754236,0.27123159170150757
6,0.2695574728828488,0.14133624732494354
7,0.18892639830256952,0.09355054050683975
8,0.16693318951310535,0.08808550238609314
9,0.1499114969011509,0.09161994606256485
