Epoch,Loss,Val_loss
1,0.6890885044227947,0.6759136319160461
2,0.6664312210949984,0.6403710246086121
3,0.6206418591918368,0.568459689617157
4,0.5364986450383158,0.4470066428184509
5,0.4134846722537821,0.2911406457424164
6,0.2866627438501878,0.15898378193378448
7,0.20132344712813696,0.09885469824075699
8,0.16596799050316666,0.08737363666296005
9,0.1488931919589187,0.08927251398563385
