Epoch,Loss,Val_loss
1,0.6894942097591631,0.6781511902809143
2,0.671527261986877,0.6503189206123352
3,0.634562176285368,0.595608115196228
4,0.5660071689071078,0.5005839467048645
5,0.4639761434359984,0.36370038986206055
6,0.33382694694128906,0.21921904385089874
7,0.23155332401846396,0.12383982539176941
8,0.17838238540923956,0.09135053306818008
9,0.1536254584789276,0.08702773600816727
10,0.13564615098364424,0.08861779421567917
