Epoch,Loss,Val_loss
1,0.688525525006381,0.6736700534820557
2,0.6629392929149397,0.6314727663993835
3,0.609465272137613,0.5439319610595703
4,0.5088758712465112,0.39946678280830383
5,0.3664611365759011,0.23172497749328613
6,0.23915685510093515,0.12180597335100174
7,0.1827123440576322,0.09154659509658813
8,0.16725235996824322,0.0936153456568718
