Epoch,Loss,Val_loss
1,0.6898403095476555,0.6798876523971558
2,0.6720492939154307,0.6521306037902832
3,0.6334903646599163,0.5948353409767151
4,0.5619677684523843,0.49331438541412354
5,0.44828839193690906,0.3490738272666931
6,0.31854087204644177,0.20282982289791107
7,0.22626163110588537,0.11487773805856705
8,0.1822405051101338,0.08999619632959366
9,0.16291918808763678,0.0879494920372963
10,0.1394780497207786,0.0897274985909462
