Epoch,Loss,Val_loss
1,0.6881276929017269,0.6741453409194946
2,0.6636271187753389,0.6333985328674316
3,0.6117102214784333,0.5474782586097717
4,0.5127550977649111,0.40504714846611023
5,0.3703833944869764,0.23736953735351562
6,0.2482112953157136,0.12423398345708847
7,0.19016699492931366,0.09227848052978516
8,0.16574587661660078,0.09269857406616211
