Epoch,Loss,Val_loss
1,0.6869552009033434,0.6703668236732483
2,0.658812454252532,0.6230791211128235
3,0.5988881723447279,0.5272922515869141
4,0.49099491220532043,0.37498602271080017
5,0.3475727335070119,0.21079982817173004
6,0.22473330795764923,0.11283789575099945
7,0.17543928347753757,0.09007499366998672
8,0.15557036458542853,0.09266381710767746
