Epoch,Loss,Val_loss
1,0.6897359770355802,0.6792561411857605
2,0.6732857687906786,0.6531500220298767
3,0.6387593935836445,0.602328896522522
4,0.575618972380956,0.513966977596283
5,0.4784695840243137,0.38455867767333984
6,0.36056962473825976,0.23976868391036987
7,0.2503499180981607,0.13445711135864258
8,0.1856566405657566,0.09119371324777603
9,0.1615874067400441,0.08350680768489838
10,0.14495426845369916,0.08536795526742935
