Epoch,Loss,Val_loss
1,0.6886891957485315,0.6768966913223267
2,0.6669963769840471,0.6445078253746033
3,0.6241586795358947,0.5797663331031799
4,0.5454036087700815,0.46992483735084534
5,0.4305140615412683,0.32181212306022644
6,0.301002251830968,0.18376599252223969
7,0.20672172104770487,0.10828527063131332
8,0.16782429091858142,0.08936659246683121
9,0.14738979009967862,0.09008847177028656
