Epoch,Loss,Val_loss
1,0.6884610463272441,0.6766025424003601
2,0.6672873244141088,0.6448526382446289
3,0.6235500881166169,0.5824150443077087
4,0.5473535232471697,0.4763367176055908
5,0.43088245527310803,0.3323134779930115
6,0.3029181266372854,0.19268706440925598
7,0.21482519669966263,0.11250724643468857
8,0.17847205969420346,0.08928752690553665
9,0.1577665571010474,0.08795914053916931
10,0.13726620443842627,0.08946843445301056
