Epoch,Loss,Val_loss
1,0.688298253398953,0.6754419803619385
2,0.6653930291985021,0.6367316842079163
3,0.6135205707766793,0.5544309616088867
4,0.5200148604132913,0.41394639015197754
5,0.3763752110076673,0.24482198059558868
6,0.24796184807112723,0.12470433115959167
7,0.18085243327148032,0.08889538049697876
8,0.16849529562574445,0.08891451358795166
