Epoch,Loss,Val_loss
1,0.690473477045695,0.6810522675514221
2,0.674226083538749,0.657837450504303
3,0.6424992590239553,0.6130685806274414
4,0.5857087292454459,0.5347038507461548
5,0.4985279449910829,0.41736647486686707
6,0.3820804384621707,0.2789677083492279
7,0.28056023969794763,0.16182661056518555
8,0.2055988706874125,0.10329004377126694
9,0.16966571952357437,0.08549285680055618
10,0.15219904979070029,0.08409471064805984
11,0.12714488397945056,0.08564233779907227
