Epoch,Loss,Val_loss
1,0.6897645448193406,0.6797617673873901
2,0.671790215102109,0.654328465461731
3,0.6374563023899541,0.6050677299499512
4,0.5748307063724055,0.5208879709243774
5,0.4790984477960702,0.39863893389701843
6,0.35924768357565906,0.25899699330329895
7,0.2617301254561453,0.14943301677703857
8,0.1963309230226459,0.10142800211906433
9,0.17120204459537158,0.08815129101276398
10,0.1490606428547339,0.08701010048389435
11,0.12817617031660947,0.0877203494310379
