Epoch,Loss,Val_loss
1,0.6881742296796857,0.674553394317627
2,0.6637761412244855,0.6354360580444336
3,0.6126278864614891,0.5568647384643555
4,0.5161100842735984,0.42754268646240234
5,0.3851184565009493,0.26526859402656555
6,0.2599260554169164,0.14048920571804047
7,0.18937475979328156,0.0929514542222023
8,0.16722748789823416,0.08667992800474167
9,0.14688726446845315,0.08887913078069687
