Epoch,Loss,Val_loss
1,0.6893875147357131,0.6767404675483704
2,0.6681822457096793,0.6405324935913086
3,0.620858859835249,0.5639005303382874
4,0.5293462637699011,0.4317583739757538
5,0.40008964186364954,0.26566094160079956
6,0.2683818024216276,0.1397688388824463
7,0.19457541315844565,0.09376825392246246
8,0.16218309781768106,0.08889344334602356
9,0.14395568655295807,0.09127229452133179
