Epoch,Loss,Val_loss
1,0.6906664344397458,0.6800770163536072
2,0.672101920301264,0.6515014171600342
3,0.6342087857650988,0.5909366011619568
4,0.5588521993521488,0.4805070459842682
5,0.43651784640369995,0.3240869343280792
6,0.30235184367859,0.17600761353969574
7,0.2073766670443795,0.10367994010448456
8,0.16814904321323743,0.08981922268867493
9,0.15317234645287195,0.0915268063545227
