Epoch,Loss,Val_loss
1,0.690297928723422,0.6791433691978455
2,0.67257963978883,0.6516311168670654
3,0.6363399272615259,0.5968067049980164
4,0.5702161554134253,0.5001001954078674
5,0.47074956875858887,0.36176443099975586
6,0.3451145070068764,0.21921956539154053
7,0.23655605406472177,0.12400185316801071
8,0.1774406943357352,0.09009435027837753
9,0.15350665084340356,0.08674576133489609
10,0.1346940268395525,0.08963677287101746
