Epoch,Loss,Val_loss
1,0.6906892277977683,0.6784514784812927
2,0.669549716241432,0.6420625448226929
3,0.6207406656308607,0.5622780323028564
4,0.5253478008689303,0.4225579798221588
5,0.387136718992031,0.24865934252738953
6,0.25552662033023255,0.12571215629577637
7,0.185388457820271,0.08891485631465912
8,0.16528460202795087,0.088555246591568
9,0.14678658319242072,0.09152714163064957
