Epoch,Loss,Val_loss
1,0.6891898846987522,0.6762670874595642
2,0.6667061258446086,0.6408103108406067
3,0.6174180688280048,0.5673710107803345
4,0.5317050372109269,0.44177350401878357
5,0.4054421010342511,0.28084495663642883
6,0.2774045846678994,0.15025751292705536
7,0.19075873087752948,0.09482371807098389
8,0.16375666924498297,0.08523266762495041
9,0.14452847917423103,0.08779259026050568
