Epoch,Loss,Val_loss
1,0.6887550290786859,0.6770578622817993
2,0.6698419216907385,0.6479073762893677
3,0.6322935955090956,0.5926313400268555
4,0.5652318958080176,0.4996376037597656
5,0.46602916717529297,0.36891990900039673
6,0.3430188749775742,0.2301531285047531
7,0.2406729848095865,0.13221053779125214
8,0.18536765715389542,0.09324582666158676
9,0.15886428455511728,0.08627227693796158
10,0.14192961461164735,0.08729467540979385
