Epoch,Loss,Val_loss
1,0.6900991770354185,0.6809990406036377
2,0.6747111389131257,0.658091127872467
3,0.6438825193679694,0.6136641502380371
4,0.5899824671673052,0.5369967818260193
5,0.5028007346572299,0.42362451553344727
6,0.39230071008205414,0.2877908945083618
7,0.2827494519226479,0.1701894849538803
8,0.2058830407984329,0.10640101879835129
9,0.1651425896720453,0.08617162704467773
10,0.14313853870738635,0.08384042233228683
11,0.12606466143871797,0.08481329679489136
