Epoch,Loss,Val_loss
1,0.6895501162066604,0.6778618693351746
2,0.6692068658091805,0.6464778780937195
3,0.626660474322059,0.5823889970779419
4,0.5461529962944262,0.47081512212753296
5,0.4282834159605431,0.31803882122039795
6,0.2932785221121528,0.17645695805549622
7,0.20690931244329971,0.10370264202356339
8,0.16951007689490463,0.08842706680297852
9,0.15362177744056238,0.08933359384536743
