Epoch,Loss,Val_loss
1,0.6892378221858632,0.6751520037651062
2,0.6646206866611134,0.6329342126846313
3,0.6084989128690778,0.542186975479126
4,0.505008699315967,0.39042192697525024
5,0.36039306223392487,0.21939541399478912
6,0.23905510568257535,0.11410617083311081
7,0.18127028824705066,0.0877055749297142
8,0.15870615230365234,0.08805477619171143
