Epoch,Loss,Val_loss
1,0.6897896094755693,0.6796740293502808
2,0.672278389786229,0.6525183916091919
3,0.6348668282682245,0.5981190204620361
4,0.5686203873518741,0.5026682615280151
5,0.468553365631537,0.36685097217559814
6,0.34624587450966693,0.22451061010360718
7,0.2373858473517678,0.1279451847076416
8,0.17817329773397156,0.09080247581005096
9,0.15769969762274713,0.08483767509460449
10,0.13845243790384495,0.08670945465564728
