Epoch,Loss,Val_loss
1,0.6900512756723346,0.6792865991592407
2,0.6725213392214342,0.6521531939506531
3,0.6356572562997992,0.5985341668128967
4,0.5704031613740054,0.5052580237388611
5,0.4682891269524892,0.37210339307785034
6,0.3556851740136291,0.23277276754379272
7,0.24549506943334232,0.14072740077972412
8,0.1906088489023122,0.09967032074928284
9,0.1581573486328125,0.09138566255569458
10,0.13851998656085043,0.09159617125988007
