Epoch,Loss,Val_loss
1,0.6895567919268752,0.67681485414505
2,0.6673992131695603,0.6385012865066528
3,0.6165859365102017,0.5549893379211426
4,0.5160412083972584,0.40974149107933044
5,0.37483835807352356,0.23329423367977142
6,0.24626149508086118,0.11844316869974136
7,0.1820999476494211,0.08892892301082611
8,0.15979796851223166,0.09048675745725632
