Epoch,Loss,Val_loss
1,0.6885366268230207,0.6772632002830505
2,0.668475908763481,0.6473278999328613
3,0.6298929001345779,0.591007649898529
4,0.5596981409824255,0.4986926019191742
5,0.4598996729561777,0.36968785524368286
6,0.3388002659335281,0.2316000908613205
7,0.23940901774348636,0.1328222155570984
8,0.18552801645163333,0.09265079349279404
9,0.15985418382016095,0.08533695340156555
10,0.1421903157324502,0.08621340990066528
