Epoch,Loss,Val_loss
1,0.6898472236864495,0.6787022352218628
2,0.6705828688361428,0.6491408348083496
3,0.6320155813838496,0.5885071158409119
4,0.5578981899853909,0.48207321763038635
5,0.4399861201192393,0.3330078423023224
6,0.3149420786084551,0.1884680837392807
7,0.21716890800179858,0.1112499088048935
8,0.1752605548862255,0.09078862518072128
9,0.15452729346174182,0.09021831303834915
10,0.13373988099170453,0.09175712615251541
