Epoch,Loss,Val_loss
1,0.6897671168500726,0.6784704327583313
2,0.6700847049554189,0.6477490067481995
3,0.6290370289123419,0.5853627920150757
4,0.5529798883380312,0.4773139953613281
5,0.4392494062582652,0.33001935482025146
6,0.31561226826725586,0.19026479125022888
7,0.2122973230752078,0.11304577440023422
8,0.16504118512525703,0.08855103701353073
9,0.1438624191690575,0.08625129610300064
10,0.12931103372212613,0.0880836695432663
