Epoch,Loss,Val_loss
1,0.6896613935629526,0.6798180341720581
2,0.6718449023636904,0.6512255072593689
3,0.6324761970476671,0.5905720591545105
4,0.5563738734433146,0.48025959730148315
5,0.43369602434562915,0.3248143196105957
6,0.2978935621001504,0.17800921201705933
7,0.2005466346939405,0.10377883911132812
8,0.1651530760255727,0.08848527818918228
9,0.14715133878317746,0.09049952030181885
