Epoch,Loss,Val_loss
1,0.6893448016860269,0.6770057678222656
2,0.666460268425219,0.6414823532104492
3,0.6164841489358381,0.5656316876411438
4,0.523298644658291,0.43385201692581177
5,0.3906163261695342,0.26666688919067383
6,0.2640893750570037,0.1401941180229187
7,0.18941793771404208,0.09471272677183151
8,0.16043541727192473,0.08880159258842468
9,0.14527334182551413,0.09116249531507492
