Epoch,Loss,Val_loss
1,0.6865939172831449,0.6711386442184448
2,0.658399353424708,0.6228894591331482
3,0.5940631221641194,0.5255266427993774
4,0.4948528499314279,0.3746398985385895
5,0.3515281388253877,0.2162385880947113
6,0.2395498285239393,0.11604258418083191
7,0.17879768528721549,0.0898282453417778
8,0.15691463039679962,0.08925457298755646
9,0.13753075491298328,0.09201711416244507
