Epoch,Loss,Val_loss
1,0.6896579572648713,0.6784712672233582
2,0.6703096212762775,0.6480961441993713
3,0.6295508715239438,0.5853629112243652
4,0.5549196167425676,0.4743811786174774
5,0.43549939583648334,0.3214261531829834
6,0.30706828155300836,0.17741896212100983
7,0.2108260230584578,0.10433056205511093
8,0.17358196459033273,0.08755886554718018
9,0.15948967161503705,0.0887528732419014
