Epoch,Loss,Val_loss
1,0.6882834732532501,0.6736590266227722
2,0.6617051886789727,0.6276415586471558
3,0.599869062503179,0.5305297374725342
4,0.49398766683809686,0.37352418899536133
5,0.351327533974792,0.2065991759300232
6,0.22533885728229175,0.11323034763336182
7,0.1791913542106296,0.09106676280498505
8,0.15595343731569522,0.0933227464556694
