Epoch,Loss,Val_loss
1,0.6883189009897637,0.6743154525756836
2,0.6644139344041998,0.6366046667098999
3,0.6156324554573406,0.5597556829452515
4,0.5244039098421732,0.4300048351287842
5,0.3974301020304362,0.267814040184021
6,0.2652235496224779,0.14245076477527618
7,0.1941052291429404,0.09314215183258057
8,0.16407228125767273,0.08795471489429474
9,0.14717993715947325,0.091291643679142
