Epoch,Loss,Val_loss
1,0.6909479580142281,0.6805119514465332
2,0.6740761688261321,0.6519408822059631
3,0.636780961896434,0.5908688306808472
4,0.5641479618621595,0.4796539843082428
5,0.44709621279528644,0.3214572072029114
6,0.30501624445120495,0.17297910153865814
7,0.20984020671158127,0.09961386024951935
8,0.17436114337408182,0.08737312257289886
9,0.15940049290657043,0.09043149650096893
