Epoch,Loss,Val_loss
1,0.689151563427665,0.6760558485984802
2,0.6664308336648074,0.6380831003189087
3,0.6145288853934316,0.5568114519119263
4,0.5162655485398842,0.41742047667503357
5,0.37832947526917315,0.24732638895511627
6,0.25404486037565,0.12869521975517273
7,0.18835674655256848,0.09188742935657501
8,0.16635979689431912,0.08984290808439255
9,0.14744947308843787,0.09198378771543503
