Epoch,Loss,Val_loss
1,0.6899790944475116,0.6784325242042542
2,0.6698710656527317,0.6451740860939026
3,0.6240135196483496,0.5742087960243225
4,0.5352087625951478,0.4482141137123108
5,0.4063679332082922,0.28097352385520935
6,0.268289768334591,0.1451696753501892
7,0.19332692230289633,0.09199240058660507
8,0.17162863142562634,0.08693328499794006
9,0.16091128438711166,0.09063168615102768
