Epoch,Loss,Val_loss
1,0.690676445310766,0.6828556060791016
2,0.6776406132813656,0.663325309753418
3,0.6508785621686415,0.6255813837051392
4,0.6034980551763014,0.5588158965110779
5,0.5258444854707429,0.45525071024894714
6,0.4205907587752198,0.32351043820381165
7,0.30474165533528186,0.19789452850818634
8,0.2182612886483019,0.11901169270277023
9,0.17202707515521484,0.09040886908769608
10,0.15250406075607648,0.08556769043207169
11,0.13720661774277687,0.0866311565041542
