Epoch,Loss,Val_loss
1,0.6895531406908324,0.6787369251251221
2,0.6713873500173743,0.6504284739494324
3,0.6339925545634646,0.5934469699859619
4,0.5624772111574808,0.4947044551372528
5,0.45337604708743817,0.3557860553264618
6,0.3326583161498561,0.21277451515197754
7,0.2356283271854574,0.12386008352041245
8,0.17688132506428342,0.09463787823915482
9,0.15452402435017354,0.08994092792272568
10,0.13287536269336037,0.09098884463310242
