Epoch,Loss,Val_loss
1,0.6898291110992432,0.6774789094924927
2,0.6680262025558588,0.6420592665672302
3,0.6198805949904702,0.5683208107948303
4,0.5313773390018579,0.44169285893440247
5,0.4120034643194892,0.28084561228752136
6,0.28595001137617865,0.15328577160835266
7,0.2014009582273888,0.1011260598897934
8,0.17141389485561487,0.09175287187099457
9,0.1495378673302405,0.0930783674120903
