Epoch,Loss,Val_loss
1,0.6899574841513778,0.6786708235740662
2,0.670674533555002,0.6478166580200195
3,0.6302599437309034,0.5832739472389221
4,0.5543492689277186,0.4687734544277191
5,0.4345887145309737,0.3129061162471771
6,0.303175993941047,0.16965621709823608
7,0.2162707204168493,0.09795695543289185
8,0.1772950000383637,0.08405974507331848
9,0.15576792937336545,0.08530407398939133
