Epoch,Loss,Val_loss
1,0.688614802830147,0.6749219298362732
2,0.6638870591467078,0.6335281133651733
3,0.6105887673117898,0.5464057326316833
4,0.510685019420855,0.40034353733062744
5,0.37366792875708954,0.22882352769374847
6,0.2553769977706851,0.11789106577634811
7,0.1867332004688003,0.08960025012493134
8,0.16628222844817422,0.08999692648649216
