Epoch,Loss,Val_loss
1,0.6901825377435395,0.6796075105667114
2,0.6715200751116781,0.6488730311393738
3,0.6299010966763352,0.5818982124328613
4,0.5470136774308754,0.4603116810321808
5,0.42566444566755585,0.2954601049423218
6,0.2900585500579892,0.15623481571674347
7,0.20874793714646137,0.09567959606647491
8,0.1757483398824027,0.08781259506940842
9,0.15684499749631592,0.09071223437786102
