Epoch,Loss,Val_loss
1,0.6894290826537393,0.6757352948188782
2,0.6655849660887863,0.6345276236534119
3,0.6098659453970013,0.5445801615715027
4,0.5021848484422221,0.3907744586467743
5,0.3590344046101426,0.21405638754367828
6,0.23626627998821664,0.11152653396129608
7,0.18740936357415083,0.09025146067142487
8,0.1665811723831928,0.09295529127120972
