Epoch,Loss,Val_loss
1,0.6890066744703235,0.6743950247764587
2,0.6627949954885425,0.6303623914718628
3,0.6047933878320636,0.5350126028060913
4,0.49330770924235834,0.3746291995048523
5,0.3459073503812154,0.1995852142572403
6,0.2322576962637179,0.10682235658168793
7,0.18886393398949594,0.09051398932933807
8,0.1736693461284493,0.0945080891251564
