Epoch,Loss,Val_loss
1,0.6896940009160475,0.6803009510040283
2,0.6737608990885995,0.6563053131103516
3,0.6409341277498187,0.6095513701438904
4,0.5836889454812715,0.5291278958320618
5,0.4921743219549006,0.41153478622436523
6,0.37805335720380145,0.2726321816444397
7,0.265859851557197,0.15896067023277283
8,0.1932253370230848,0.1039886474609375
9,0.1614159790403915,0.08948952704668045
10,0.14255849904183185,0.08893227577209473
11,0.12530782796216733,0.09053117036819458
