Epoch,Loss,Val_loss
1,0.6892431197744427,0.6768900156021118
2,0.6686786377068722,0.6441150903701782
3,0.6262739382006905,0.5786049365997314
4,0.5486122893564629,0.46776407957077026
5,0.43268561453530285,0.31787359714508057
6,0.3095249854254,0.17772062122821808
7,0.2167405831542882,0.10364767163991928
8,0.1715042277267485,0.08497568964958191
9,0.14789471323743011,0.08480437099933624
10,0.13207104756976618,0.0869598239660263
