Epoch,Loss,Val_loss
1,0.6892138231884349,0.6762970685958862
2,0.666177286343141,0.6377083659172058
3,0.614043782154719,0.5517136454582214
4,0.5143939726280443,0.4032129943370819
5,0.36139083224715607,0.2274385541677475
6,0.23782661828127774,0.11437024921178818
7,0.18063172833486038,0.08805769681930542
8,0.16221035565390732,0.09061648696660995
