Epoch,Loss,Val_loss
1,0.6896028753482935,0.679183840751648
2,0.6715870147401636,0.6503400206565857
3,0.6330801998123978,0.590827465057373
4,0.5610036281022158,0.4866041839122772
5,0.4518438807942651,0.3403843343257904
6,0.3219335860375202,0.19591879844665527
7,0.22676865530736517,0.11152513325214386
8,0.18050872353893338,0.08790241181850433
9,0.15978120617342717,0.08606081455945969
10,0.13637321860049711,0.08758629858493805
