Epoch,Loss,Val_loss
1,0.6888307215589465,0.6766188740730286
2,0.6672223589637063,0.6445252299308777
3,0.6245202819506327,0.5815191268920898
4,0.5486235230258016,0.4758680760860443
5,0.4410404653260202,0.3337860703468323
6,0.31455728592294635,0.19735653698444366
7,0.22913238789999124,0.11472164839506149
8,0.18077222980333096,0.08936432003974915
9,0.1623919109503428,0.08656099438667297
10,0.1365737340441256,0.08787256479263306
