Epoch,Loss,Val_loss
1,0.6893163088596228,0.6761735081672668
2,0.6659283403194312,0.6380342841148376
3,0.6174016080119393,0.5567137598991394
4,0.5158983180017183,0.4166224002838135
5,0.3709958344697952,0.24429164826869965
6,0.24271587214686655,0.1253604143857956
7,0.18164128381194491,0.09188618510961533
8,0.1599894380479148,0.09273669123649597
