Epoch,Loss,Val_loss
1,0.6901558827270161,0.6810880303382874
2,0.6743404007319248,0.6580535173416138
3,0.6426529125733809,0.6126487255096436
4,0.5860016689156041,0.5324268937110901
5,0.4962104865998933,0.41214990615844727
6,0.3758412297024871,0.27086660265922546
7,0.263590215733557,0.15584157407283783
8,0.19229286502708087,0.10047759115695953
9,0.161931067818042,0.08694995939731598
10,0.14350196877212235,0.0870223268866539
