Epoch,Loss,Val_loss
1,0.6880993427652301,0.6749709248542786
2,0.6657106524164026,0.6376872658729553
3,0.6163218572284236,0.5630835294723511
4,0.5300186213218805,0.439026415348053
5,0.4111086915839802,0.2819041609764099
6,0.28291618101524585,0.15443983674049377
7,0.20433429222215305,0.09761273860931396
8,0.16971530810450064,0.08734151721000671
9,0.14670668429497516,0.08883314579725266
