Epoch,Loss,Val_loss
1,0.6902512537710594,0.6800288558006287
2,0.6719583706422285,0.652133584022522
3,0.6335604118578362,0.5927165746688843
4,0.5593045362920472,0.4850715398788452
5,0.4465258116974975,0.33349543809890747
6,0.3144047422842546,0.1896839439868927
7,0.21838130034280545,0.11183605343103409
8,0.17482108216394077,0.09155366569757462
9,0.149192701234962,0.09034492075443268
10,0.12812404199080032,0.09187489748001099
