Epoch,Loss,Val_loss
1,0.6888098328402548,0.6768131852149963
2,0.6667477967161121,0.642219603061676
3,0.6182106706229124,0.5700803399085999
4,0.5274924825538289,0.445194274187088
5,0.40154224859945703,0.28259098529815674
6,0.26886303768013464,0.1506044864654541
7,0.1987279454867045,0.09580198675394058
8,0.16584743040077615,0.08754036575555801
9,0.14198599857362834,0.08909384161233902
