Epoch,Loss,Val_loss
1,0.6900501449902853,0.680000364780426
2,0.6726161015756202,0.6538547277450562
3,0.6371052978616772,0.6014873385429382
4,0.5730056446610075,0.5097775459289551
5,0.47577930851416156,0.37729910016059875
6,0.3514393170674642,0.23470762372016907
7,0.24543848769231277,0.1325673758983612
8,0.1842892440882596,0.09322138130664825
9,0.16200240362774243,0.08661191165447235
10,0.14965316675829166,0.08853665739297867
