Epoch,Loss,Val_loss
1,0.6886845673575546,0.6740054488182068
2,0.663628921364293,0.6303779482841492
3,0.6076342806671605,0.5376791954040527
4,0.49860277049469226,0.382160484790802
5,0.35312767236521747,0.2093978226184845
6,0.2370839019616445,0.11051401495933533
7,0.181546753328858,0.09065095335245132
8,0.16113987158645282,0.09263106435537338
