Epoch,Loss,Val_loss
1,0.6892255047957102,0.675844132900238
2,0.6666163043542341,0.6372147798538208
3,0.616965755368724,0.554004430770874
4,0.516622910896937,0.41054144501686096
5,0.3785291187690966,0.23778802156448364
6,0.2508452602408149,0.12151579558849335
7,0.19138705617550647,0.08964253962039948
8,0.1733056568738186,0.0910893976688385
