Epoch,Loss,Val_loss
1,0.6893437071280046,0.6748368740081787
2,0.666143848137422,0.6351414918899536
3,0.6139741837978363,0.5532932281494141
4,0.5204539380290292,0.41569116711616516
5,0.38381069808295276,0.24881061911582947
6,0.2551069754091176,0.130135178565979
7,0.19081567385883041,0.0924697145819664
8,0.16864973690473672,0.09117893129587173
9,0.14859590566519534,0.09373952448368073
