Epoch,Loss,Val_loss
1,0.6889031357837446,0.677358090877533
2,0.6701963688388015,0.6480563282966614
3,0.6334757515878389,0.5935236811637878
4,0.5671319257129322,0.5041894316673279
5,0.4683053872802041,0.38001537322998047
6,0.3516408913966381,0.24437116086483002
7,0.2513629134857293,0.14215964078903198
8,0.19144321007258963,0.09638253599405289
9,0.15918473357504065,0.08474104106426239
10,0.13550862602212213,0.08372429013252258
11,0.115828135925712,0.08483291417360306
