Epoch,Loss,Val_loss
1,0.6891308625539144,0.6764538884162903
2,0.667093117128719,0.6363624334335327
3,0.6151309564258113,0.5476599931716919
4,0.5104689507773428,0.396292120218277
5,0.37150714749639685,0.22310057282447815
6,0.25075393373315985,0.11745884269475937
7,0.18746448996843715,0.09140410274267197
8,0.1630980951542204,0.09154099225997925
