Epoch,Loss,Val_loss
1,0.6879040797551473,0.672716498374939
2,0.6617265461069165,0.6270831823348999
3,0.6009391257257173,0.5302240252494812
4,0.4907243464029197,0.3718453645706177
5,0.34727234957796155,0.20095178484916687
6,0.23146048391407187,0.10665252059698105
7,0.1818864383932316,0.08725884556770325
8,0.16261077672243118,0.08965488523244858
