Epoch,Loss,Val_loss
1,0.6895551311247277,0.677311897277832
2,0.6688558910832261,0.643333375453949
3,0.6248900041435704,0.571498692035675
4,0.5363721973968275,0.44471874833106995
5,0.40650394920146826,0.27921321988105774
6,0.2699458504265005,0.14561302959918976
7,0.19268673274553183,0.09459775686264038
8,0.17275357675371747,0.08935069292783737
9,0.15425452680298776,0.09256824105978012
