Epoch,Loss,Val_loss
1,0.6874968870119615,0.6705003380775452
2,0.6566075935508265,0.6193219423294067
3,0.5888696746392683,0.5120636224746704
4,0.46398682621392334,0.3426966965198517
5,0.3148868571628224,0.17638525366783142
6,0.2207594674193498,0.09987367689609528
7,0.18482279935569473,0.09000729769468307
8,0.15851985888950754,0.09248600900173187
