Epoch,Loss,Val_loss
1,0.6881128242521575,0.6727533340454102
2,0.6615265246593591,0.6286841630935669
3,0.6055399098179557,0.5380428433418274
4,0.501914811856819,0.3892487585544586
5,0.35677154091271485,0.2189953476190567
6,0.24344560481382138,0.11363311111927032
7,0.18474549800157547,0.08977329730987549
8,0.164221071609945,0.09220828115940094
