Epoch,Loss,Val_loss
1,0.6905916856996941,0.681517481803894
2,0.6760479193745237,0.6585532426834106
3,0.6463700650316296,0.6124923229217529
4,0.5894391934076945,0.5299268960952759
5,0.4993606440045617,0.40414729714393616
6,0.37239453557765845,0.25709348917007446
7,0.2571749678163817,0.14228543639183044
8,0.1906307495453141,0.094736248254776
9,0.16494054640784409,0.08745977282524109
10,0.14099575940406683,0.08930251002311707
