Epoch,Loss,Val_loss
1,0.6903376145796343,0.6790381073951721
2,0.6712682364564954,0.6487430930137634
3,0.6319249443935625,0.5869857668876648
4,0.5568393342422716,0.479474812746048
5,0.4463849803715041,0.3326011300086975
6,0.31472112825422577,0.19007639586925507
7,0.22931852891589655,0.10920842736959457
8,0.18156774138862436,0.08853132277727127
9,0.16192815520546652,0.08724845200777054
10,0.14101997379100684,0.0891965702176094
