Epoch,Loss,Val_loss
1,0.6896775220379685,0.6762527823448181
2,0.667849311322877,0.6404565572738647
3,0.6200332108772162,0.5663790702819824
4,0.5323677595817682,0.438512921333313
5,0.4055297284415274,0.2743513882160187
6,0.2757063769932949,0.14225143194198608
7,0.19433142606056097,0.0904642790555954
8,0.16698331837401245,0.08482874929904938
9,0.1526082864764965,0.08807918429374695
