Epoch,Loss,Val_loss
1,0.6895976888410973,0.6769120097160339
2,0.6677664969906663,0.6408330202102661
3,0.6195802643443599,0.5634345412254333
4,0.5298248168193933,0.42870062589645386
5,0.39737159329833405,0.26092329621315
6,0.2641283242088376,0.13390691578388214
7,0.1922403901363864,0.09046971052885056
8,0.16795631452943338,0.08700341731309891
9,0.14657321053020883,0.08984959870576859
