Epoch,Loss,Val_loss
1,0.6903470637220325,0.680330753326416
2,0.673275989113432,0.6522925496101379
3,0.6360360971002867,0.5922970771789551
4,0.5611998213059974,0.48337650299072266
5,0.4492221050190203,0.3294425308704376
6,0.31383199854330585,0.18264460563659668
7,0.21272420567093472,0.10536163300275803
8,0.17145578518058313,0.08755425363779068
9,0.15780014194773906,0.08856227248907089
