Epoch,Loss,Val_loss
1,0.6892070390961387,0.6753650307655334
2,0.6645452931071772,0.6333231925964355
3,0.6069055172530088,0.5398332476615906
4,0.5011878433552656,0.38279223442077637
5,0.3489572916067008,0.2088509202003479
6,0.22315352974515973,0.11060112714767456
7,0.17880166547768045,0.0910843014717102
8,0.16318978143460822,0.09442523121833801
