Epoch,Loss,Val_loss
1,0.6877950845342694,0.6727120280265808
2,0.6612508694330851,0.6282936930656433
3,0.6032931732408928,0.5361273884773254
4,0.49547430421366834,0.3867475986480713
5,0.3587641440557711,0.2198374718427658
6,0.2467594300255631,0.11799895018339157
7,0.1924669293291641,0.09097462892532349
8,0.17433946286187027,0.09117591381072998
