Epoch,Loss,Val_loss
1,0.6904674009843306,0.6797836422920227
2,0.6720136467254523,0.6510127782821655
3,0.6325953169302507,0.5905367732048035
4,0.5562610192732378,0.4823944568634033
5,0.44057222975022864,0.33056119084358215
6,0.3106889431223725,0.18526411056518555
7,0.2186137153343721,0.10753492265939713
8,0.17131367845065665,0.08733359724283218
9,0.14911745262868475,0.08628715574741364
10,0.12955493999250006,0.08833697438240051
