Epoch,Loss,Val_loss
1,0.6904291438333916,0.6800562143325806
2,0.6743011465578368,0.6547362208366394
3,0.6409501135349274,0.6057817339897156
4,0.5808881629597057,0.5217719078063965
5,0.48912225302421686,0.39921465516090393
6,0.37305717847564,0.25963205099105835
7,0.2632565904747356,0.1529502272605896
8,0.19323434183994928,0.10226435214281082
9,0.16204244417674613,0.09003021568059921
10,0.13742448886235556,0.08936448395252228
11,0.11770347223588914,0.09075289964675903
