Epoch,Loss,Val_loss
1,0.688985774011323,0.6764487624168396
2,0.6663994798154542,0.6388260126113892
3,0.6150194262013291,0.5588275790214539
4,0.5235250808975913,0.4226384162902832
5,0.3945113086339199,0.2573552131652832
6,0.2645473398945548,0.1359422206878662
7,0.1935811054074403,0.09386010468006134
8,0.1683900820260698,0.09036478400230408
9,0.14420768076723273,0.09315252304077148
