Epoch,Loss,Val_loss
1,0.6876915774562142,0.6696723103523254
2,0.6561541521187985,0.6141561269760132
3,0.5834019301515637,0.49781835079193115
4,0.4594448479739102,0.3207998275756836
5,0.3029585589062084,0.15917842090129852
6,0.20693472976034338,0.09443625062704086
7,0.17266831547021866,0.08918552100658417
8,0.1505423846344153,0.0937032625079155
