Epoch,Loss,Val_loss
1,0.6888933425599878,0.6757671236991882
2,0.6677596948363564,0.6429421901702881
3,0.6254053558364059,0.5808023810386658
4,0.552286709799911,0.47793668508529663
5,0.4470326200579152,0.3386891186237335
6,0.3238789981061762,0.20181657373905182
7,0.22635884041135962,0.1173262670636177
8,0.17455765356620154,0.08980745077133179
9,0.15247346528551795,0.08726038038730621
10,0.13312233273278584,0.0892852395772934
