Epoch,Loss,Val_loss
1,0.689680486014395,0.6785793900489807
2,0.6698833604653677,0.6444249153137207
3,0.6230379911986265,0.566838264465332
4,0.5297469921184309,0.4261353611946106
5,0.39029748466881836,0.2484283447265625
6,0.2605408951640129,0.12450993806123734
7,0.1928338645534082,0.08886764943599701
8,0.166720360743277,0.08766587823629379
9,0.1498919687036312,0.08993260562419891
