Epoch,Loss,Val_loss
1,0.6897676695476879,0.675885021686554
2,0.6663968508893793,0.635779082775116
3,0.6119626570831646,0.5493286848068237
4,0.5097385879718896,0.4001811742782593
5,0.3656536254918937,0.22419105470180511
6,0.23683695314508496,0.1145729273557663
7,0.18864662809805435,0.08838396519422531
8,0.174007555074764,0.0920608788728714
