Epoch,Loss,Val_loss
1,0.6887665020697045,0.678596019744873
2,0.6706271659244191,0.6519030332565308
3,0.6335750655694441,0.6017767190933228
4,0.5706940726800398,0.5183129906654358
5,0.4782622582984693,0.40001484751701355
6,0.3618458378495592,0.2672852575778961
7,0.259922797481219,0.15849585831165314
8,0.1915909652457093,0.10402827709913254
9,0.1586662300608375,0.08818621933460236
10,0.13644874874841084,0.08657615631818771
11,0.12042710230205998,0.08781114220619202
