Epoch,Loss,Val_loss
1,0.6894786899740045,0.678083062171936
2,0.6686670319600538,0.6454339027404785
3,0.6256641501730139,0.5771675705909729
4,0.5408216516176859,0.4597224295139313
5,0.4164119836958972,0.30391886830329895
6,0.2838190080541553,0.16706550121307373
7,0.19686049392277544,0.10358645021915436
8,0.16825177972063873,0.09080519527196884
9,0.15169631983294632,0.09260893613100052
