Epoch,Loss,Val_loss
1,0.6884165541692213,0.6759558916091919
2,0.6661601310426538,0.6405056715011597
3,0.6186683999769615,0.5694315433502197
4,0.5344791267857407,0.45157477259635925
5,0.41404888756347424,0.3001800775527954
6,0.29042119374780945,0.168647900223732
7,0.20816801714174676,0.10449995845556259
8,0.16852169461322553,0.08984468132257462
9,0.14591442624276335,0.0906972661614418
