Epoch,Loss,Val_loss
1,0.6871475757974567,0.6697479486465454
2,0.6568123978195768,0.6165658235549927
3,0.586937460935477,0.504368782043457
4,0.46240211165312567,0.33161187171936035
5,0.31444561165390594,0.1690913736820221
6,0.2090834422093449,0.09988260269165039
7,0.17214001444253055,0.09189672023057938
8,0.15586442477775342,0.09568779170513153
