Epoch,Loss,Val_loss
1,0.6889472567673885,0.6751464009284973
2,0.6654241464354775,0.635979950428009
3,0.6130706333752834,0.5537859201431274
4,0.5150973160158504,0.413246750831604
5,0.37941253591667523,0.24120546877384186
6,0.24576344137842004,0.12236770242452621
7,0.17899149565985709,0.08789616078138351
8,0.15942081786466367,0.08823402971029282
