Epoch,Loss,Val_loss
1,0.690121669660915,0.6779539585113525
2,0.6694795615745314,0.6433721780776978
3,0.6229617415052472,0.5677381753921509
4,0.5318722435922334,0.4332066476345062
5,0.39479819572333136,0.25976088643074036
6,0.2625000183329438,0.1311628818511963
7,0.19206314240441177,0.09094814956188202
8,0.17520110805829367,0.09025375545024872
9,0.1525931042252165,0.0948316752910614
