Epoch,Loss,Val_loss
1,0.6910736660162607,0.6827252507209778
2,0.6771840814388159,0.660980761051178
3,0.6469409249045632,0.6161699295043945
4,0.5883259339766069,0.5345683693885803
5,0.49592651065551874,0.4105197489261627
6,0.3762313624223073,0.26437515020370483
7,0.26837025221550104,0.14948491752147675
8,0.19994892405741144,0.09894298762083054
9,0.1691987609321421,0.08758236467838287
10,0.14166753750407335,0.0874093770980835
11,0.12435426235650525,0.08879570662975311
