Epoch,Loss,Val_loss
1,0.6905588299939127,0.6799950003623962
2,0.6735159474791903,0.653900146484375
3,0.6400659273971211,0.6020637154579163
4,0.5771695348349485,0.5118107199668884
5,0.47836068949916144,0.382056325674057
6,0.36271250473730493,0.2410069704055786
7,0.2454128269896363,0.14155298471450806
8,0.18188773118185275,0.09799455106258392
9,0.15721544352444736,0.08950016647577286
10,0.13677399187828554,0.09075561910867691
