Epoch,Loss,Val_loss
1,0.6888523643667047,0.6737639307975769
2,0.6630441094889785,0.6276611685752869
3,0.6017189639987368,0.5273405909538269
4,0.4841103797609156,0.3614702820777893
5,0.3414650866479585,0.18647433817386627
6,0.22240361797087121,0.10079920291900635
7,0.18376090987162155,0.08710896968841553
8,0.1622144536990108,0.09136079996824265
