Epoch,Loss,Val_loss
1,0.6885274883472559,0.6731125712394714
2,0.6610178893262689,0.6262198090553284
3,0.5978285462567301,0.5248497724533081
4,0.4826913516629826,0.35848909616470337
5,0.34176934036341583,0.18717367947101593
6,0.22489468550140207,0.10255546122789383
7,0.18186520062612765,0.08894064277410507
8,0.16595663344769768,0.09311262518167496
