Epoch,Loss,Val_loss
1,0.6876890180688916,0.6734949350357056
2,0.661941512967601,0.634685218334198
3,0.6117212086012869,0.5582106113433838
4,0.5193699209979086,0.43326425552368164
5,0.397425318757693,0.27688732743263245
6,0.26925125402031524,0.1530502289533615
7,0.19321050675529422,0.09860185533761978
8,0.16038929671049118,0.08782251179218292
9,0.14277510435292215,0.08928852528333664
