Epoch,Loss,Val_loss
1,0.6884990677689061,0.6720830798149109
2,0.659967179551269,0.624360978603363
3,0.5970927034363602,0.5246896743774414
4,0.4812872346603509,0.364121675491333
5,0.34643328189849854,0.19746851921081543
6,0.22608380042242282,0.11013510078191757
7,0.18368610084959955,0.08991371095180511
8,0.1641218944480925,0.09186151623725891
