Epoch,Loss,Val_loss
1,0.6881637112660841,0.6739062666893005
2,0.6635822536367358,0.6333606243133545
3,0.6096999365271945,0.5507053732872009
4,0.5129037309776653,0.4129579961299896
5,0.3790332796898755,0.2459826022386551
6,0.2545814360633041,0.1278311312198639
7,0.18643232434988022,0.09087850153446198
8,0.1642347485052817,0.08952951431274414
9,0.14627409929578955,0.0926486924290657
