Epoch,Loss,Val_loss
1,0.6900807862932031,0.6810612678527832
2,0.6742778583006426,0.6577658653259277
3,0.6422644230452451,0.6123182773590088
4,0.5857328402273583,0.5329771041870117
5,0.49346870635495044,0.41605615615844727
6,0.37491307701125287,0.27669277787208557
7,0.2650140989007372,0.1588257998228073
8,0.19718088909532083,0.10071850568056107
9,0.16414801889296735,0.08594705909490585
10,0.14842195831465,0.08455108106136322
11,0.12577756900678982,0.08536761999130249
