Epoch,Loss,Val_loss
1,0.6901526297583724,0.6816094517707825
2,0.6745017369588217,0.6586975455284119
3,0.6440089841683706,0.6135759949684143
4,0.5865771084120779,0.5353642106056213
5,0.49712180097897846,0.41913560032844543
6,0.38841301383394183,0.2822231948375702
7,0.2763863454262416,0.168181911110878
8,0.2019574691851934,0.10747931152582169
9,0.16691513833674518,0.08949500322341919
10,0.14361243604710608,0.08747152984142303
11,0.1246352271374428,0.08860808610916138
