Epoch,Loss,Val_loss
1,0.6875817441579067,0.6746408939361572
2,0.6639698933471333,0.6374350190162659
3,0.6155329256346731,0.5634304285049438
4,0.5266497306751482,0.4411914348602295
5,0.4021860966176698,0.2858734428882599
6,0.2783158936283805,0.15500639379024506
7,0.20233545226581168,0.09609454870223999
8,0.16769833727316422,0.08574236929416656
9,0.1483064957640388,0.08741829544305801
