Epoch,Loss,Val_loss
1,0.6905905694672556,0.679804801940918
2,0.6728790032141136,0.6516979932785034
3,0.6355884472529093,0.5943283438682556
4,0.566203697161241,0.49236875772476196
5,0.45158957080407575,0.34736767411231995
6,0.3175944871071613,0.19910269975662231
7,0.21893889434409863,0.1113256886601448
8,0.1676675912105676,0.08882670849561691
9,0.1449911298625397,0.08865928649902344
10,0.1322785917330872,0.09081083536148071
