Epoch,Loss,Val_loss
1,0.6903300429835464,0.6823931932449341
2,0.6745055995204232,0.6603291630744934
3,0.6424982087178663,0.6156826019287109
4,0.5846416038094144,0.5366834998130798
5,0.4936085104039221,0.42112788558006287
6,0.38085344569249585,0.2853703498840332
7,0.2714004164392298,0.17112189531326294
8,0.20125794523593152,0.11036274582147598
9,0.1639245915593523,0.09163577854633331
10,0.14350517771460794,0.08751445263624191
11,0.12178027268612024,0.08753596991300583
