Epoch,Loss,Val_loss
1,0.68839430809021,0.6727373003959656
2,0.6599618169394407,0.6204514503479004
3,0.5893816044836333,0.5049517154693604
4,0.464239115967895,0.32301610708236694
5,0.3119210185426654,0.15762798488140106
6,0.20229449981089795,0.09546646475791931
7,0.17461204077258255,0.09038000553846359
8,0.1534471165275935,0.095709428191185
