Epoch,Loss,Val_loss
1,0.6888240837689602,0.6731064319610596
2,0.6618066999045286,0.6228692531585693
3,0.5952760468829762,0.515778124332428
4,0.47120076192147803,0.34512025117874146
5,0.326118579416564,0.17604126036167145
6,0.2236247378768343,0.09913001954555511
7,0.18321352214975792,0.08950977772474289
8,0.1619006492423289,0.09252509474754333
