Epoch,Loss,Val_loss
1,0.6885427688107346,0.6755461692810059
2,0.6662105610876372,0.6394045948982239
3,0.616098533074061,0.5646935701370239
4,0.5219509267445767,0.4374375343322754
5,0.40201096507635986,0.27636098861694336
6,0.2802543944933198,0.15072345733642578
7,0.19838494152733774,0.09879837185144424
8,0.16764334228002664,0.08709273487329483
9,0.14613811400803653,0.08839502930641174
