Epoch,Loss,Val_loss
1,0.688250788233497,0.6732691526412964
2,0.6613333649707563,0.623950183391571
3,0.5960215510744037,0.5144796371459961
4,0.47341385303121625,0.33766934275627136
5,0.3226612214789246,0.16894663870334625
6,0.2134667576262445,0.0984795019030571
7,0.1763647390585957,0.09053447097539902
8,0.15557109677430356,0.09443963319063187
