Epoch,Loss,Val_loss
1,0.6887738045417902,0.6747180223464966
2,0.6626011241566051,0.631706953048706
3,0.6053103669123217,0.5387908816337585
4,0.4949939187728997,0.38234204053878784
5,0.3501815904270519,0.20691879093647003
6,0.22689551905249106,0.10847559571266174
7,0.18314173433816794,0.08916565030813217
8,0.16486627969777945,0.0928630381822586
