Epoch,Loss,Val_loss
1,0.6895548737410343,0.6774866580963135
2,0.6683927602840193,0.643208920955658
3,0.6218489688454252,0.5703085064888
4,0.5326518199660562,0.442474365234375
5,0.40536783996856574,0.2769165635108948
6,0.26444201171398163,0.14619557559490204
7,0.19681429456580768,0.09442710876464844
8,0.17449075615767276,0.08974841237068176
9,0.1542055798750935,0.09244117885828018
