Epoch,Loss,Val_loss
1,0.6885480691086162,0.674211859703064
2,0.6638875576582822,0.6335060000419617
3,0.6128393610318502,0.5485384464263916
4,0.5093639781980803,0.40501469373703003
5,0.3725680167024786,0.23537558317184448
6,0.2366486189491821,0.12370431423187256
7,0.18509406686732263,0.09150639176368713
8,0.1676148914478042,0.09233756363391876
