Epoch,Loss,Val_loss
1,0.6894180494727511,0.6776033639907837
2,0.6688351820815693,0.6435959339141846
3,0.623040413314646,0.5728834867477417
4,0.5360323642239426,0.4509401321411133
5,0.41294572299176996,0.29087939858436584
6,0.28158714057821216,0.156549334526062
7,0.20067117950229935,0.09733127802610397
8,0.17350596911979443,0.08776812255382538
9,0.1563415905517159,0.09011892974376678
