Epoch,Loss,Val_loss
1,0.6873908955039401,0.6714999079704285
2,0.659540925062064,0.6217317581176758
3,0.5956159631411234,0.5179294347763062
4,0.48661937858119153,0.3550313413143158
5,0.34412773179285455,0.19316187500953674
6,0.22446375091870627,0.10804759711027145
7,0.17333255143779697,0.08924353122711182
8,0.15301462669264188,0.09147141128778458
