Epoch,Loss,Val_loss
1,0.6879198478929924,0.6717689037322998
2,0.6593342685338223,0.6207330822944641
3,0.5920607555996288,0.5114193558692932
4,0.4653846820195516,0.3386041224002838
5,0.31465572615464527,0.1707243025302887
6,0.20233096566164133,0.09917540848255157
7,0.1761861416426572,0.09133455157279968
8,0.16270977665077557,0.09740615636110306
