Epoch,Loss,Val_loss
1,0.6893433892365658,0.6775606274604797
2,0.6670325001080831,0.6417878270149231
3,0.6166742091829126,0.5634203553199768
4,0.5252893124565934,0.42612889409065247
5,0.3834202741131638,0.25578799843788147
6,0.252821875566786,0.13114705681800842
7,0.1902572118648977,0.09134818613529205
8,0.16912073517839113,0.08916699141263962
9,0.14626249332319607,0.09138530492782593
