Epoch,Loss,Val_loss
1,0.6894470064929037,0.6761584877967834
2,0.6669381748546254,0.6368784308433533
3,0.6140840776038893,0.5522491335868835
4,0.5102154738975294,0.40641462802886963
5,0.3711619404229251,0.2326507866382599
6,0.2362919535600778,0.11850813031196594
7,0.1882492649284276,0.08900947123765945
8,0.16641427057259012,0.09094110876321793
