Epoch,Loss,Val_loss
1,0.6889677634744933,0.675408124923706
2,0.6643150764884371,0.6334004402160645
3,0.6069876226511869,0.5406948924064636
4,0.4936467409133911,0.3817373812198639
5,0.34517133913256903,0.20389237999916077
6,0.21662341396916995,0.10579705983400345
7,0.1688478593573426,0.08819708973169327
8,0.15321991863575848,0.09234870970249176
