Epoch,Loss,Val_loss
1,0.6889290800600341,0.6765569448471069
2,0.6670808313470898,0.6420839428901672
3,0.6194573153148998,0.5720987319946289
4,0.5325810222914724,0.45353108644485474
5,0.416299658742818,0.29781225323677063
6,0.2850150660131917,0.1634850800037384
7,0.19945554186900458,0.09862319380044937
8,0.17033444864280295,0.08508171141147614
9,0.15698756525913873,0.08657500892877579
