Epoch,Loss,Val_loss
1,0.6874578414541302,0.6713210344314575
2,0.6582203326803265,0.6184647083282471
3,0.5886071234038381,0.5030453205108643
4,0.45764261438991083,0.32314532995224
5,0.294424292716113,0.15646308660507202
6,0.18742622051275137,0.09258705377578735
7,0.16508219436262594,0.09035459160804749
8,0.154030287807638,0.09637831896543503
