Epoch,Loss,Val_loss
1,0.6893683581641226,0.6778900623321533
2,0.669528606263074,0.647347092628479
3,0.6279685181198698,0.5872837901115417
4,0.5551587632208159,0.4867458939552307
5,0.44742481184728217,0.34929853677749634
6,0.3275413179036343,0.21147872507572174
7,0.23223207213661887,0.12427408248186111
8,0.1819145063107664,0.09347373992204666
9,0.15887004407969388,0.08797039091587067
10,0.1410120123940887,0.08898915350437164
