Epoch,Loss,Val_loss
1,0.6897513640649391,0.6783382296562195
2,0.6700680147517811,0.647624135017395
3,0.6291360006187902,0.5853842496871948
4,0.551261614669453,0.4774380028247833
5,0.4398489784110676,0.3290441334247589
6,0.31367187969612353,0.1860775649547577
7,0.21983409108537616,0.10657068341970444
8,0.1820013482462276,0.08488040417432785
9,0.15987550794626726,0.08471041172742844
10,0.1426226943731308,0.0864916518330574
