Epoch,Loss,Val_loss
1,0.68996231935241,0.6779892444610596
2,0.6696873957460577,0.6455544829368591
3,0.627899807510954,0.5788319110870361
4,0.5476216077804565,0.4628785252571106
5,0.42306788446325244,0.3065197765827179
6,0.2841418082966949,0.16528820991516113
7,0.198751492256468,0.09756319969892502
8,0.16293184583385786,0.08633752912282944
9,0.1475918274937254,0.08919517695903778
