Epoch,Loss,Val_loss
1,0.6873162018530297,0.6704278588294983
2,0.6574738296595487,0.6181386709213257
3,0.5917894081635908,0.5081216096878052
4,0.4677436992977605,0.3363024592399597
5,0.3216685928178556,0.17082662880420685
6,0.20991202353528052,0.09892376512289047
7,0.17168842188336633,0.09018535912036896
8,0.15511993047865955,0.0941925197839737
