Epoch,Loss,Val_loss
1,0.6885636466922183,0.6735799908638
2,0.6622281354485136,0.6312654614448547
3,0.6061021035367792,0.5422477722167969
4,0.5023593347180974,0.3929893970489502
5,0.3663532639091665,0.22205261886119843
6,0.23808868387431809,0.11680510640144348
7,0.18205579528302857,0.08755557239055634
8,0.16029664806344293,0.08792677521705627
