Epoch,Loss,Val_loss
1,0.68760935736425,0.669552206993103
2,0.6549089659344066,0.6100423336029053
3,0.5802175384579282,0.4828284978866577
4,0.44681199301372876,0.29814982414245605
5,0.29524470233555994,0.1485283225774765
6,0.19631460625113864,0.09550613164901733
7,0.16603078241601135,0.09157468378543854
8,0.14369234465288394,0.09496492892503738
