Epoch,Loss,Val_loss
1,0.6904154853387312,0.6789560317993164
2,0.6716355374365142,0.6478809118270874
3,0.6293046149340543,0.5825172662734985
4,0.5490708360166261,0.46506547927856445
5,0.4317593556461912,0.30458393692970276
6,0.2948821105740287,0.16424043476581573
7,0.20240228284489026,0.09930139780044556
8,0.1657019230452451,0.08693493902683258
9,0.14517100629481403,0.08930753916501999
