Epoch,Loss,Val_loss
1,0.687057406613321,0.6707595586776733
2,0.6565128384214459,0.6175024509429932
3,0.5848761950478409,0.5048717856407166
4,0.4560713352579059,0.3303332030773163
5,0.3094266540173328,0.1697801798582077
6,0.21115492510073114,0.0995723307132721
7,0.18351360116944168,0.09153372794389725
8,0.16594416095000325,0.09582561999559402
