Epoch,Loss,Val_loss
1,0.6881801756945524,0.6743027567863464
2,0.6639837532332449,0.6339330077171326
3,0.6078695799365188,0.551231861114502
4,0.5112248586885857,0.4131162464618683
5,0.376832541642767,0.24599577486515045
6,0.2593546211719513,0.1296822428703308
7,0.1914395841233658,0.09291540086269379
8,0.16359541994152646,0.08884064853191376
9,0.1412430705897736,0.0908636674284935
