Epoch,Loss,Val_loss
1,0.6893987222151323,0.6756002902984619
2,0.6657904810977705,0.6343653202056885
3,0.610367347796758,0.5447590351104736
4,0.5022247117577177,0.3913344740867615
5,0.36125162650238385,0.21555674076080322
6,0.24197822786641843,0.11015500128269196
7,0.18852469144445477,0.08744294941425323
8,0.16866696467905334,0.0894395112991333
