Epoch,Loss,Val_loss
1,0.6893983257539344,0.6759940981864929
2,0.6661691954641631,0.6378536820411682
3,0.6159211053992762,0.556484580039978
4,0.5225798577973337,0.4174085855484009
5,0.38075216204831097,0.250031977891922
6,0.2597673074765639,0.1301896572113037
7,0.19524176667133966,0.09282690286636353
8,0.17555198005654596,0.09291686862707138
