Epoch,Loss,Val_loss
1,0.6888998909430071,0.6736069917678833
2,0.6616120744835247,0.6245833039283752
3,0.5965522121299397,0.5168254375457764
4,0.4751566219510454,0.3414950370788574
5,0.3149640289219943,0.17055153846740723
6,0.20697581587415753,0.09748756885528564
7,0.17133396051146768,0.09202372282743454
8,0.1566755013032393,0.09732139855623245
