Epoch,Loss,Val_loss
1,0.6902973940878203,0.6786752343177795
2,0.6714469257629279,0.6455137729644775
3,0.6268085114883654,0.5734223127365112
4,0.539008123405052,0.44521933794021606
5,0.40688364388364734,0.2745366096496582
6,0.2700191223711679,0.13854096829891205
7,0.19872177776062128,0.0909460261464119
8,0.17472502408605634,0.08915494382381439
9,0.1562421563448328,0.09393134713172913
