Epoch,Loss,Val_loss
1,0.6901151592081244,0.681057870388031
2,0.6739742782982913,0.6566067337989807
3,0.6388812914039149,0.6064530611038208
4,0.5720989668008053,0.5167373418807983
5,0.47154030068354175,0.383627712726593
6,0.3542579597595966,0.23820436000823975
7,0.24115624978686823,0.13773877918720245
8,0.17974626566424515,0.09518295526504517
9,0.1511824724800659,0.08586537092924118
10,0.1353186924349178,0.086440809071064
