Epoch,Loss,Val_loss
1,0.689268477938392,0.6762911677360535
2,0.6658060270728487,0.635299563407898
3,0.6101572874820593,0.5434193015098572
4,0.5032457510630289,0.3868262469768524
5,0.35034227777611127,0.21081222593784332
6,0.22724386823899817,0.10843108594417572
7,0.17701111575870804,0.0886869952082634
8,0.16269703062646318,0.09268473088741302
