Epoch,Loss,Val_loss
1,0.6884857199408791,0.6714161038398743
2,0.6585964894655979,0.6192651391029358
3,0.5889748100078467,0.5054369568824768
4,0.45913999234185077,0.3250581920146942
5,0.31075393972974835,0.16044487059116364
6,0.20392094484784387,0.09643613547086716
7,0.1734735541271441,0.08970840275287628
8,0.15351954396023895,0.09308620542287827
