Epoch,Loss,Val_loss
1,0.6889661794359033,0.6768749952316284
2,0.6688807209332784,0.6449062824249268
3,0.6290912890073025,0.5816120505332947
4,0.5545505881309509,0.47431084513664246
5,0.44767618856646796,0.3295196294784546
6,0.32476897357088147,0.19233837723731995
7,0.22437995559338367,0.11291217058897018
8,0.1702607822689143,0.08834251016378403
9,0.14607372947714545,0.08581516146659851
10,0.12609802254221655,0.08788669109344482
