Epoch,Loss,Val_loss
1,0.6908885990128373,0.6820128560066223
2,0.6755152444044749,0.6596319079399109
3,0.6446527314908577,0.6153441667556763
4,0.5884952436793934,0.5368666648864746
5,0.4988764488335812,0.41791781783103943
6,0.3796939339601632,0.2768215835094452
7,0.2690287363348585,0.16022822260856628
8,0.19313435482256341,0.10362160950899124
9,0.16212568815910455,0.08848518133163452
10,0.14424406748377916,0.08748740702867508
11,0.12219338965686885,0.08875231444835663
