Epoch,Loss,Val_loss
1,0.6871344555508007,0.6695829033851624
2,0.6558500058723219,0.6129522323608398
3,0.5807354107047572,0.49316921830177307
4,0.4496066796057152,0.3118712604045868
5,0.2941675267436288,0.15146403014659882
6,0.19639404930851675,0.09280940890312195
7,0.17075438955516525,0.09071119129657745
8,0.15433057216983853,0.09509582817554474
