Epoch,Loss,Val_loss
1,0.6894864629615437,0.6745140552520752
2,0.663699103124214,0.6294692754745483
3,0.6052547602942495,0.5305620431900024
4,0.4886278347535567,0.36651477217674255
5,0.3303746549469052,0.1914985626935959
6,0.20891407019261157,0.10154619067907333
7,0.17289341128233707,0.08974211663007736
8,0.15672357448122717,0.09585537761449814
