Epoch,Loss,Val_loss
1,0.6891124564589877,0.6766913533210754
2,0.6663295870477502,0.6385602951049805
3,0.6150220695770148,0.5558586120605469
4,0.5181956526004907,0.41324281692504883
5,0.3777896310343887,0.24038812518119812
6,0.2477962618524378,0.12141820043325424
7,0.18554512682286176,0.08849355578422546
8,0.16456988205512366,0.08867437392473221
