Epoch,Loss,Val_loss
1,0.6884606372226368,0.6740471720695496
2,0.6645797834251866,0.6353867053985596
3,0.6142838561173641,0.5580465197563171
4,0.5222937139597806,0.42944157123565674
5,0.3963084654374556,0.2682802081108093
6,0.26408835139238473,0.1431000679731369
7,0.1940273390800664,0.09360915422439575
8,0.17019022301290976,0.0887201577425003
9,0.1544445057710012,0.09134932607412338
