Epoch,Loss,Val_loss
1,0.690070937980305,0.6816839575767517
2,0.674973341551694,0.6587421298027039
3,0.6423529603264548,0.6138066649436951
4,0.5875827769438425,0.5362773537635803
5,0.5010923567143354,0.4230298697948456
6,0.38732403336149274,0.2884069085121155
7,0.27949313729098346,0.17211683094501495
8,0.20977533947337756,0.10850471258163452
9,0.16954873502254486,0.08953917026519775
10,0.14579575181458937,0.08679278939962387
11,0.12692225701881177,0.08774158358573914
