Epoch,Loss,Val_loss
1,0.6899747270526309,0.6799433827400208
2,0.6715126091783697,0.6522789001464844
3,0.6329397793972131,0.5939624905586243
4,0.5585352679093679,0.4886935353279114
5,0.44989324699748645,0.33871930837631226
6,0.31707002222537994,0.19147402048110962
7,0.22363103452053937,0.10858378559350967
8,0.1796750904935779,0.08766032755374908
9,0.156286666339094,0.08748799562454224
10,0.13547002524137497,0.08980090171098709
