Epoch,Loss,Val_loss
1,0.6878669406428481,0.6699289083480835
2,0.6564172199278167,0.6100431084632874
3,0.5774311820665995,0.4800203740596771
4,0.43395256860689685,0.2892574369907379
5,0.27070901994452334,0.1391008198261261
6,0.1884776787324385,0.09412172436714172
7,0.17090810067725903,0.0960070863366127
