Epoch,Loss,Val_loss
1,0.6885196033752325,0.674628496170044
2,0.663410669926441,0.633326530456543
3,0.6063536089478117,0.5437807440757751
4,0.5014115292014498,0.39100947976112366
5,0.3598246502153801,0.215632826089859
6,0.2292818488045172,0.11163381487131119
7,0.1836910992860794,0.08564344048500061
8,0.17048821485403812,0.08845984190702438
