Epoch,Loss,Val_loss
1,0.688668022553126,0.6732304096221924
2,0.6627817777070132,0.6264514923095703
3,0.599247519717072,0.5252813100814819
4,0.47966268478017865,0.3595460057258606
5,0.3297012127710111,0.18671217560768127
6,0.21758660154812265,0.10212139040231705
7,0.18010904843156988,0.09008247405290604
8,0.16442907443552307,0.09540290385484695
