Epoch,Loss,Val_loss
1,0.6879225228772019,0.674363911151886
2,0.6644002135955926,0.6375591158866882
3,0.6158685485521952,0.5664419531822205
4,0.5326741030721953,0.45019665360450745
5,0.4182966184435469,0.3023753762245178
6,0.29200328728466324,0.17213919758796692
7,0.204081409582586,0.10421071946620941
8,0.16166644633719415,0.08721398562192917
9,0.13828405049262624,0.08723914623260498
