Epoch,Loss,Val_loss
1,0.6879773916620197,0.6719576120376587
2,0.659912932099718,0.6231801509857178
3,0.5948824223243829,0.5204534530639648
4,0.48564472297827405,0.3580092787742615
5,0.33270790540810785,0.192194864153862
6,0.2318397451079253,0.10651449859142303
7,0.1847349904251821,0.09253119677305222
8,0.16614737700332294,0.09495598077774048
