Epoch,Loss,Val_loss
1,0.6877525006279801,0.6702327132225037
2,0.6573229973966425,0.6175928711891174
3,0.5905337731043497,0.506996750831604
4,0.4627188245455424,0.33437198400497437
5,0.31213909658518707,0.16877806186676025
6,0.20153772108482593,0.09693078696727753
7,0.16840658991625815,0.09001656621694565
8,0.15112749780669357,0.09484601765871048
