Epoch,Loss,Val_loss
1,0.6901217554554795,0.6786085367202759
2,0.6709034605459734,0.6483404636383057
3,0.6299926746975292,0.5855299830436707
4,0.5573008286230492,0.47469910979270935
5,0.43421413094708416,0.3231925368309021
6,0.3035650917074897,0.17768855392932892
7,0.21291024328181238,0.10239420086145401
8,0.17420952462337233,0.08693274855613708
9,0.15335674832264581,0.08793345093727112
