Epoch,Loss,Val_loss
1,0.6894904086084077,0.6770127415657043
2,0.6664599685957937,0.6387991309165955
3,0.6153898790027156,0.5531148910522461
4,0.5140478845798608,0.40288567543029785
5,0.36640448552189453,0.22529637813568115
6,0.23953685028986496,0.11469648778438568
7,0.18188526187882278,0.0888909175992012
8,0.15917362837177335,0.09010379761457443
