Epoch,Loss,Val_loss
1,0.6897470327940854,0.6793687343597412
2,0.6712231762481459,0.6521855592727661
3,0.6341980262236162,0.5973791480064392
4,0.5630552434560024,0.5012300610542297
5,0.457169875051036,0.36305952072143555
6,0.32432283912644244,0.21891599893569946
7,0.2319973646239801,0.1230565533041954
8,0.17691585760224948,0.09128960222005844
9,0.15553069588812915,0.0863652303814888
10,0.13933177755186052,0.08792629837989807
