Epoch,Loss,Val_loss
1,0.6898217291542978,0.6758524179458618
2,0.6664695811994148,0.6329154968261719
3,0.6062272209109683,0.5351607799530029
4,0.49243539210521814,0.3683290183544159
5,0.33160795813257044,0.18932123482227325
6,0.22288332269950348,0.10176993906497955
7,0.18690026483752512,0.09208887815475464
8,0.17453990063884042,0.09618072956800461
