Epoch,Loss,Val_loss
1,0.6899179807215026,0.6802734136581421
2,0.6724166517907922,0.6544435620307922
3,0.6361448421622767,0.6052383780479431
4,0.574281809907971,0.523656964302063
5,0.4825557005224806,0.4074278771877289
6,0.3682855281865958,0.2740379869937897
7,0.2708465215383154,0.16355092823505402
8,0.19939646576390122,0.10703529417514801
9,0.16508608627499957,0.08858991414308548
10,0.142551783359412,0.08487369865179062
11,0.12112947135712161,0.08513948321342468
