Epoch,Loss,Val_loss
1,0.6890557119340608,0.6746276021003723
2,0.6628410111774098,0.6274653673171997
3,0.6012106104330583,0.5211993455886841
4,0.4797818416898901,0.3466879427433014
5,0.3168179090275909,0.17124871909618378
6,0.20823951268737967,0.0956362634897232
7,0.1786416477777741,0.09086383879184723
8,0.16114312432932132,0.09697974473237991
