Epoch,Loss,Val_loss
1,0.6883317123759877,0.6720247268676758
2,0.6608015145316268,0.6238845586776733
3,0.5965646532448855,0.5227645635604858
4,0.4843673796364755,0.36154904961586
5,0.34170236641710455,0.19320891797542572
6,0.21751592240550302,0.10639990866184235
7,0.17597336773619507,0.08872378617525101
8,0.15869269136226538,0.09164923429489136
