Epoch,Loss,Val_loss
1,0.6886660248944254,0.6756861805915833
2,0.6663340312061887,0.6390294432640076
3,0.6164304677284125,0.564397394657135
4,0.5276804223205104,0.438946008682251
5,0.39959378224430664,0.27948594093322754
6,0.2770885865796696,0.1500111073255539
7,0.19870172824823495,0.09743163734674454
8,0.16634828326377002,0.08798123896121979
9,0.15206604428363568,0.09003930538892746
