Epoch,Loss,Val_loss
1,0.6870065629482269,0.6694122552871704
2,0.654351473757715,0.6100625991821289
3,0.5784460288105588,0.4840984344482422
4,0.4454954090443524,0.29809725284576416
5,0.289328216603308,0.14396947622299194
6,0.2028994984699018,0.09335004538297653
7,0.1721135824918747,0.09378841519355774
