Epoch,Loss,Val_loss
1,0.6885115757133021,0.6728457808494568
2,0.6614763375484582,0.6265039443969727
3,0.5998240050041315,0.5274488925933838
4,0.4904386875304309,0.3643644154071808
5,0.34130412475629285,0.19164609909057617
6,0.22121748553984094,0.10308799147605896
7,0.17933179957397055,0.08830740302801132
8,0.1578365076671947,0.09315232187509537
