Epoch,Loss,Val_loss
1,0.6908717498634801,0.6828704476356506
2,0.67687849835916,0.6606754660606384
3,0.6461101905866102,0.6153896450996399
4,0.5884932135090684,0.5343016982078552
5,0.4951427398305951,0.41091400384902954
6,0.37826720015569165,0.26533043384552
7,0.2666530652028142,0.15090306103229523
8,0.1963564803202947,0.09793410450220108
9,0.16646951301531357,0.08515825867652893
10,0.14342430437153036,0.08502961695194244
11,0.1245372865461942,0.08635150641202927
