Epoch,Loss,Val_loss
1,0.6888768176237742,0.6744437217712402
2,0.6620286296714436,0.6280190944671631
3,0.5999561828194242,0.5239819288253784
4,0.4784241819923574,0.352265864610672
5,0.3174774831894672,0.17642134428024292
6,0.2016707103360783,0.09651560336351395
7,0.1690274438623226,0.08849258720874786
8,0.15674347656242776,0.09350612759590149
