Epoch,Loss,Val_loss
1,0.6859889400727821,0.6671360731124878
2,0.6510182862932031,0.6065263748168945
3,0.5705167000943964,0.4788433909416199
4,0.42858928938706714,0.2900826036930084
5,0.26967873266248993,0.13624021410942078
6,0.19556289008169464,0.0883633941411972
7,0.177639683313442,0.09055520594120026
