Epoch,Loss,Val_loss
1,0.6883101165294647,0.6749540567398071
2,0.6639846933610511,0.6355473399162292
3,0.6102649822379603,0.5553774833679199
4,0.5132552096337983,0.4227573275566101
5,0.3896142583001744,0.26046130061149597
6,0.27344514768232,0.14115706086158752
7,0.19998095545804861,0.09738544374704361
8,0.16645463194810983,0.08923361450433731
9,0.14955324250640292,0.09026238322257996
