Epoch,Loss,Val_loss
1,0.6869409003041007,0.6702105402946472
2,0.6581775582197941,0.6202424764633179
3,0.5930439947229443,0.5191106200218201
4,0.4809473463983247,0.3631247878074646
5,0.3357522844365149,0.20000310242176056
6,0.228989212576187,0.11000414937734604
7,0.1793379174037413,0.09101802855730057
8,0.15595870995611855,0.09317184239625931
