Epoch,Loss,Val_loss
1,0.6873716332695701,0.6684579253196716
2,0.6530522324822166,0.6059884428977966
3,0.5753971600171292,0.47373315691947937
4,0.42550343546000396,0.28162431716918945
5,0.27859638089483435,0.13460199534893036
6,0.19120003350756384,0.09442778676748276
7,0.16740987156376694,0.095708467066288
