Epoch,Loss,Val_loss
1,0.6873434565284036,0.6712144613265991
2,0.657456967866782,0.6215707063674927
3,0.5915274674242194,0.5175173282623291
4,0.473476945902362,0.3529166579246521
5,0.32420302882339014,0.1857750564813614
6,0.2123688809347875,0.10290764272212982
7,0.17290149583961023,0.08880279213190079
8,0.15511320847453494,0.0913996696472168
