Epoch,Loss,Val_loss
1,0.6887705298987302,0.6756431460380554
2,0.666019983363874,0.6384404301643372
3,0.6176955266432329,0.5613548755645752
4,0.52725273641673,0.42981839179992676
5,0.4023555444948601,0.265182763338089
6,0.27237828414548526,0.14146874845027924
7,0.20689171913898352,0.09405256807804108
8,0.17504677492560763,0.08889840543270111
9,0.14843966789317853,0.09119349718093872
