Epoch,Loss,Val_loss
1,0.6881696039980109,0.6717085838317871
2,0.6577561425440239,0.6172078847885132
3,0.5842248716137626,0.4962436854839325
4,0.45232556037830585,0.30749639868736267
5,0.2974626629641562,0.14555668830871582
6,0.2090617154132236,0.09192679822444916
7,0.18468645418232138,0.09210263937711716
