Epoch,Loss,Val_loss
1,0.6894825633728143,0.6791619062423706
2,0.6713417804602421,0.6505112648010254
3,0.6330168662649213,0.5928593277931213
4,0.5619014835718906,0.4932590126991272
5,0.45524495162747125,0.35333094000816345
6,0.33383261570424744,0.20915961265563965
7,0.23493282225998965,0.11734510213136673
8,0.17944530555696198,0.0875525176525116
9,0.16006150841712952,0.0839274600148201
10,0.1409022771950924,0.08579158037900925
