Epoch,Loss,Val_loss
1,0.6884638784509717,0.6712509393692017
2,0.6578317537452235,0.6154803037643433
3,0.5838860146927111,0.4939802289009094
4,0.44287318849202356,0.3067077696323395
5,0.29846639569961664,0.14785906672477722
6,0.20014883442358536,0.09464630484580994
7,0.1707872206514532,0.09068349748849869
8,0.14690827217065927,0.0946209654211998
