Epoch,Loss,Val_loss
1,0.6885289188587305,0.673934817314148
2,0.6623297044725129,0.6274093389511108
3,0.6001055032917948,0.5239282846450806
4,0.4807583021395134,0.35155919194221497
5,0.32739032488880737,0.17673170566558838
6,0.20787941280639533,0.09845956414937973
7,0.16896018024646875,0.0890718474984169
8,0.15653483005184116,0.09469493478536606
