Epoch,Loss,Val_loss
1,0.6892474772352161,0.6756388545036316
2,0.6678741366574259,0.6390002965927124
3,0.6193412361723004,0.562927782535553
4,0.5325257281462351,0.43290168046951294
5,0.40244220558441046,0.2687968611717224
6,0.2722663301410097,0.14079421758651733
7,0.19390138983726501,0.09286882728338242
8,0.16902311981627435,0.08843888342380524
9,0.15117416068008452,0.09159261733293533
