Epoch,Loss,Val_loss
1,0.6891482345985643,0.6774362921714783
2,0.6680472538326726,0.642499566078186
3,0.619796816146735,0.567907989025116
4,0.529734958301891,0.43774130940437317
5,0.39789318631995807,0.27043721079826355
6,0.2685549764922171,0.14132077991962433
7,0.19087358744758548,0.09426088631153107
8,0.16633776485016852,0.08911557495594025
9,0.14953749468832306,0.09216217696666718
