Epoch,Loss,Val_loss
1,0.689203909852288,0.6765073537826538
2,0.6663876753864866,0.6382244229316711
3,0.6161199943585829,0.5556701421737671
4,0.5176587989836028,0.4135863482952118
5,0.38770100925907947,0.2437368780374527
6,0.25365127532771137,0.12821759283542633
7,0.1888905284982739,0.0895792692899704
8,0.15892579158147177,0.08793944120407104
9,0.13828535344113002,0.09093809127807617
