Epoch,Loss,Val_loss
1,0.6880889778787439,0.6694343090057373
2,0.6546805880286477,0.6105889678001404
3,0.5765037392124985,0.48400387167930603
4,0.44367754820621375,0.29338663816452026
5,0.2792294971419103,0.1392821967601776
6,0.20248328217051245,0.09015762060880661
7,0.18307103216648102,0.09263189136981964
