Epoch,Loss,Val_loss
1,0.6894012924396631,0.6773998141288757
2,0.6689095722906517,0.64337158203125
3,0.6223248053680767,0.5718417763710022
4,0.5340944944006024,0.4464983344078064
5,0.40607906290979096,0.2832816243171692
6,0.2779542792475585,0.1503015160560608
7,0.21377715694181848,0.09525267034769058
8,0.18519476981777133,0.08863332867622375
9,0.16076105878208624,0.09071862697601318
