Epoch,Loss,Val_loss
1,0.6868347733309774,0.6694374680519104
2,0.6557707849777106,0.6157700419425964
3,0.5842253240672025,0.5021961331367493
4,0.4648550924929706,0.32672613859176636
5,0.30946850099346856,0.16385923326015472
6,0.2125256136059761,0.09423303604125977
7,0.18238924714651975,0.08957095444202423
8,0.1713143973187967,0.09424658864736557
