Epoch,Loss,Val_loss
1,0.689701393698201,0.6793062686920166
2,0.6719444448297675,0.6526249051094055
3,0.635386485041994,0.5996997356414795
4,0.5698033932483557,0.5074858665466309
5,0.4727515609878482,0.3750443458557129
6,0.3484123872988152,0.23302994668483734
7,0.2399624396454204,0.13342005014419556
8,0.18884359142093948,0.09280815720558167
9,0.15966638606606107,0.08641380071640015
10,0.13920362225987695,0.08724759519100189
