Epoch,Loss,Val_loss
1,0.6875149354790197,0.6693320870399475
2,0.6553328010168943,0.6097943186759949
3,0.5777695928559159,0.4794537127017975
4,0.4329490458423441,0.2846192419528961
5,0.27546170579664636,0.13102418184280396
6,0.19436777044426312,0.09060107171535492
7,0.1724602153355425,0.09248726069927216
