Epoch,Loss,Val_loss
1,0.6885735853151842,0.6756729483604431
2,0.6661617259184519,0.6394388675689697
3,0.616901260433775,0.5667327046394348
4,0.5269969557270859,0.4437313973903656
5,0.40618356746254547,0.28535664081573486
6,0.27710038446115726,0.1547546237707138
7,0.2030395935430671,0.09776188433170319
8,0.17157628872629369,0.08804124593734741
9,0.15141164669484802,0.08928845077753067
