Epoch,Loss,Val_loss
1,0.6898184021313986,0.6743584871292114
2,0.6629995983658414,0.6233476996421814
3,0.5973309170116078,0.5066702365875244
4,0.46776756237853656,0.3181116282939911
5,0.29358610239895905,0.1481679230928421
6,0.1954469301483848,0.09260854870080948
7,0.1785392670920401,0.0964561402797699
