Epoch,Loss,Val_loss
1,0.6894419608694135,0.6760991811752319
2,0.6655813482674685,0.6362633109092712
3,0.610576255754991,0.5507320165634155
4,0.5090865122549462,0.40536144375801086
5,0.35560677900458826,0.23170413076877594
6,0.2294848258748199,0.1182013750076294
7,0.16931735543590604,0.08933514356613159
8,0.15282734031930115,0.090888112783432
