Epoch,Loss,Val_loss
1,0.689904072971055,0.6802718043327332
2,0.672725422815843,0.6544523239135742
3,0.6372746635567058,0.6040835976600647
4,0.5738733943664667,0.5178388953208923
5,0.47708064633788483,0.39443305134773254
6,0.362241013935118,0.2577742040157318
7,0.24776371794216562,0.15345358848571777
8,0.1846405796029351,0.10021667927503586
9,0.15315687735423897,0.08596855401992798
10,0.13538915596225046,0.08509320765733719
11,0.12041510754462445,0.08643454313278198
