Epoch,Loss,Val_loss
1,0.6911572055383162,0.6832970380783081
2,0.6783180119413318,0.6638563871383667
3,0.6532145323175372,0.6261442303657532
4,0.6049193902449175,0.5596342086791992
5,0.5321456555164221,0.45803597569465637
6,0.43516528154864453,0.33149397373199463
7,0.31754492855433264,0.21081361174583435
8,0.22255220873789353,0.12753556668758392
9,0.17584686094161237,0.09198889136314392
10,0.1508396423675797,0.08473972231149673
11,0.13131107920498558,0.0853804349899292
