Epoch,Loss,Val_loss
1,0.6864296387542378,0.6664534211158752
2,0.649983550563003,0.5997956395149231
3,0.5617079653523185,0.4572214186191559
4,0.41366902084061596,0.2576916217803955
5,0.2574930118791985,0.12040691077709198
6,0.19007824451634378,0.08965066820383072
7,0.16755297193021484,0.09432074427604675
