Epoch,Loss,Val_loss
1,0.6893910864988962,0.6757631301879883
2,0.6655649244785309,0.6347588300704956
3,0.6101561866023324,0.5442265272140503
4,0.500869277751807,0.39043402671813965
5,0.3492037292682763,0.213583841919899
6,0.2243283578392231,0.1110677570104599
7,0.17363971426631464,0.09030071645975113
8,0.15403145438793933,0.09251295775175095
