Epoch,Loss,Val_loss
1,0.6892954192378304,0.6755526065826416
2,0.663259865659656,0.6315827965736389
3,0.6053625887090509,0.5333396792411804
4,0.49017009500301245,0.3672437369823456
5,0.3374312429717093,0.19008806347846985
6,0.22838434847918423,0.10107660293579102
7,0.17703776625972806,0.08924293518066406
8,0.1586630087007176,0.09254830330610275
