Epoch,Loss,Val_loss
1,0.6878128105943854,0.673792839050293
2,0.6607013453136791,0.629633903503418
3,0.5986464348706332,0.5367395281791687
4,0.4896574327439973,0.3863127827644348
5,0.3494697479587613,0.21829350292682648
6,0.22981316912354846,0.11680912226438522
7,0.18082918294451453,0.08971750736236572
8,0.16191539326400467,0.08989541232585907
