Epoch,Loss,Val_loss
1,0.687722544778477,0.6688623428344727
2,0.6540262870716326,0.6094180941581726
3,0.5771182811621464,0.4831310212612152
4,0.44051334939219733,0.294893354177475
5,0.28592952814969147,0.1387193351984024
6,0.1973066587339748,0.09098198264837265
7,0.17910087153767096,0.09302526712417603
