Epoch,Loss,Val_loss
1,0.6880102058251699,0.6696996688842773
2,0.6554794058655248,0.6114206910133362
3,0.5815589680816188,0.4860396385192871
4,0.4399844322240714,0.2968979477882385
5,0.29166591348070087,0.1399848461151123
6,0.1994698533054554,0.09058521687984467
7,0.17497347024354068,0.09050977230072021
8,0.15228002112020145,0.09448418766260147
