Epoch,Loss,Val_loss
1,0.6868370970090231,0.6687902212142944
2,0.6548819641272227,0.6140000820159912
3,0.5851409877791549,0.5000124573707581
4,0.4602232647664619,0.3252660036087036
5,0.30832341042431916,0.16271165013313293
6,0.20275368451169043,0.09577018767595291
7,0.1762108626690778,0.0900302454829216
8,0.15833095145044904,0.09512095153331757
