Epoch,Loss,Val_loss
1,0.688390185435613,0.6732471585273743
2,0.6612699880744471,0.6302222013473511
3,0.6037788607857444,0.5406604409217834
4,0.4980252186457316,0.3913385272026062
5,0.3584405025749495,0.2206011861562729
6,0.23113985833796588,0.11608977615833282
7,0.18264602689128934,0.08889798074960709
8,0.16936310053323256,0.09004577249288559
