Epoch,Loss,Val_loss
1,0.6873515844345093,0.6737268567085266
2,0.6619153474316453,0.6344854235649109
3,0.6098197093515685,0.5584210157394409
4,0.5168452488653588,0.4371282160282135
5,0.39103425271583325,0.2872021496295929
6,0.2741790802189798,0.16114108264446259
7,0.19591761290123968,0.1029910147190094
8,0.16656184264204718,0.08989079296588898
9,0.14979768679900604,0.09039995074272156
