Epoch,Loss,Val_loss
1,0.6874134107069536,0.6698106527328491
2,0.6567242759646792,0.6154690384864807
3,0.5864603393005602,0.5034278631210327
4,0.4697558315414371,0.3322860896587372
5,0.3161889924244447,0.1709151268005371
6,0.20661055477279605,0.09693287312984467
7,0.17581990451523752,0.08794506639242172
8,0.1589721128570311,0.09213642030954361
