Epoch,Loss,Val_loss
1,0.6885422540433479,0.6725441217422485
2,0.6593952693722465,0.6226412653923035
3,0.593587437362382,0.5130208730697632
4,0.46603242285323865,0.33465370535850525
5,0.3131428144194863,0.16188141703605652
6,0.20510356828118814,0.0931193083524704
7,0.17816030764670082,0.08826112747192383
8,0.16139942159255347,0.09336600452661514
