Epoch,Loss,Val_loss
1,0.689612683021661,0.6777485609054565
2,0.6699325939019521,0.6452887654304504
3,0.6269163082946431,0.5791491866111755
4,0.5482017840399886,0.4661943018436432
5,0.42915680372353754,0.31503206491470337
6,0.3029834853880333,0.17554490268230438
7,0.20896239443258804,0.10425207018852234
8,0.16987390184041226,0.08712904900312424
9,0.14976832180312186,0.08841459453105927
