Epoch,Loss,Val_loss
1,0.6897515916463101,0.6794243454933167
2,0.6712834573153293,0.6501848101615906
3,0.6310267060092001,0.5902639627456665
4,0.5542976946541758,0.48705899715423584
5,0.44260473188125726,0.3449679911136627
6,0.32517698181397986,0.20424515008926392
7,0.22937022126985318,0.12059398740530014
8,0.18253865838050842,0.09290685504674911
9,0.15508055833704543,0.08840984851121902
10,0.13566540520299564,0.089117631316185
