Epoch,Loss,Val_loss
1,0.6879839219830253,0.6713727712631226
2,0.6560548860015292,0.6150442957878113
3,0.578289270401001,0.4909282922744751
4,0.4428829970684918,0.3008517920970917
5,0.2851782628532612,0.14176560938358307
6,0.20355174825950104,0.09029307961463928
7,0.1784952444334825,0.09083133935928345
