Epoch,Loss,Val_loss
1,0.6883085352001768,0.6741842031478882
2,0.663344066251408,0.6310107707977295
3,0.6063049020189227,0.5426545143127441
4,0.5046177533539858,0.39948269724845886
5,0.37100369280034845,0.23431219160556793
6,0.24063219039729147,0.1251583695411682
7,0.17903496212128436,0.09117364138364792
8,0.15734496396599393,0.09051425009965897
9,0.13975032339944984,0.09332825243473053
