Epoch,Loss,Val_loss
1,0.6877698374517036,0.6680877804756165
2,0.6545816208377029,0.6053894758224487
3,0.5735397095030005,0.47104862332344055
4,0.43518142808567395,0.2763831317424774
5,0.27153273265470157,0.13039223849773407
6,0.1992483674125238,0.09138571470975876
7,0.176415046507662,0.09666317701339722
