Epoch,Loss,Val_loss
1,0.6879108846187592,0.6684274077415466
2,0.653187303832083,0.6039409637451172
3,0.5700185605973909,0.4644383490085602
4,0.4199556035525871,0.26590272784233093
5,0.2543970170346173,0.1216403916478157
6,0.1742986249878551,0.08940207958221436
7,0.15763758145498508,0.09688364714384079
