Epoch,Loss,Val_loss
1,0.6881486954111041,0.6730038523674011
2,0.6627173261208967,0.6300621032714844
3,0.6074796039046664,0.540314793586731
4,0.5030859383669767,0.3921886384487152
5,0.36165792111194495,0.2228039652109146
6,0.23641356080770493,0.11598879843950272
7,0.17532863422776712,0.08748673647642136
8,0.15425501763820648,0.08817656338214874
