Epoch,Loss,Val_loss
1,0.6896005769570669,0.678715705871582
2,0.6709165482810049,0.6487241983413696
3,0.6299833962411592,0.5893239974975586
4,0.5572928759184751,0.4886089563369751
5,0.45279858780629706,0.3499089181423187
6,0.3317983015017076,0.21043531596660614
7,0.22530470991676504,0.12225405126810074
8,0.1718810789964416,0.09022510051727295
9,0.15059395608576862,0.0861133560538292
10,0.130825826954661,0.08797349780797958
