Epoch,Loss,Val_loss
1,0.689617555249821,0.6778737306594849
2,0.6698908155614679,0.6453548073768616
3,0.6269247531890869,0.5790708065032959
4,0.5507836170268782,0.4654485881328583
5,0.4400893318833727,0.31536006927490234
6,0.3014708617419908,0.18075865507125854
7,0.21495147230047168,0.10632982850074768
8,0.1760460143965302,0.08877365291118622
9,0.15505675700577823,0.09022676944732666
