Epoch,Loss,Val_loss
1,0.6895864660089667,0.6781898736953735
2,0.6696182715170311,0.6464017033576965
3,0.6281594859831261,0.5798441767692566
4,0.5462042011997916,0.4624817669391632
5,0.43099108744751324,0.302612841129303
6,0.3005234847466151,0.16253694891929626
7,0.20955392650582574,0.09887492656707764
8,0.17548015533071576,0.08737923204898834
9,0.1515373889018189,0.08941150456666946
