Epoch,Loss,Val_loss
1,0.6877637243632114,0.6691675782203674
2,0.6543902438698392,0.6061601042747498
3,0.573031791231849,0.4680563807487488
4,0.4231159407081026,0.2664220631122589
5,0.2692264584880887,0.11944185197353363
6,0.19568893177942795,0.086642786860466
7,0.1727195969133666,0.09090222418308258
