Epoch,Loss,Val_loss
1,0.6894479123028842,0.6765977740287781
2,0.6678248905774319,0.6394739151000977
3,0.6174917311379404,0.5596413612365723
4,0.527329582156557,0.4210907220840454
5,0.3864081109111959,0.25019434094429016
6,0.25339242048335797,0.12641367316246033
7,0.17979440815521008,0.08817644417285919
8,0.16217086577054227,0.08755065500736237
9,0.13906788397015948,0.09122370183467865
