Epoch,Loss,Val_loss
1,0.6885116578954639,0.6721397042274475
2,0.6596205839605043,0.622565746307373
3,0.5939979083610304,0.5187371373176575
4,0.4723198346116326,0.3534395694732666
5,0.3227884191455263,0.1841154247522354
6,0.20790214768864893,0.1014142706990242
7,0.17258670022993378,0.08824692666530609
8,0.15425085186055212,0.09282660484313965
