Epoch,Loss,Val_loss
1,0.6889358542182229,0.676109790802002
2,0.6659841492320552,0.6396827101707458
3,0.615727472485918,0.5639260411262512
4,0.5286039421052644,0.4353582262992859
5,0.408216653899713,0.2751677632331848
6,0.27987317605452106,0.14949077367782593
7,0.20073751631108197,0.09619102627038956
8,0.1657767387276346,0.08594811707735062
9,0.1450409929860722,0.08766866475343704
