Epoch,Loss,Val_loss
1,0.6892004717480053,0.6762520670890808
2,0.6689176785223412,0.6413214206695557
3,0.6237976352373759,0.570958137512207
4,0.5406182751511083,0.45299768447875977
5,0.4197052635929801,0.2989054024219513
6,0.29749446971849963,0.16480077803134918
7,0.20697224952957846,0.10207110643386841
8,0.17616074396805328,0.08820409327745438
9,0.15490087787761833,0.08993235230445862
