Epoch,Loss,Val_loss
1,0.6891946630044417,0.6753142476081848
2,0.6645182407263553,0.6328703165054321
3,0.6071206882144465,0.5405086874961853
4,0.49550487959023676,0.38462305068969727
5,0.3501837808977474,0.20821984112262726
6,0.23170980540188876,0.10791649669408798
7,0.18508355364655005,0.08790745586156845
8,0.1634746887015574,0.09047944098711014
