Epoch,Loss,Val_loss
1,0.6883253446131041,0.6727184653282166
2,0.6602217383456953,0.6233974099159241
3,0.5965467763669563,0.5157619118690491
4,0.4759928177703511,0.34436848759651184
5,0.32610618435975275,0.17511649429798126
6,0.21746748640681757,0.09935613721609116
7,0.17988578726847967,0.0890982523560524
8,0.15480492162433537,0.0927916020154953
