Epoch,Loss,Val_loss
1,0.6892626059777809,0.6751412749290466
2,0.6649284895622369,0.6321793794631958
3,0.6087644759452704,0.5390631556510925
4,0.49881501270062995,0.38274189829826355
5,0.34628165355234436,0.20755544304847717
6,0.22874779773480963,0.10781151801347733
7,0.18127580348289374,0.08949963003396988
8,0.16518648092945418,0.09328829497098923
