Epoch,Loss,Val_loss
1,0.6889969796845408,0.672149121761322
2,0.6599076101274202,0.6189827919006348
3,0.5906322101751963,0.4992713928222656
4,0.45611561744502094,0.31052273511886597
5,0.2893148213624954,0.14531300961971283
6,0.19032867049629038,0.09168930351734161
7,0.1693837529782093,0.09320046007633209
