Epoch,Loss,Val_loss
1,0.687434173894651,0.667735755443573
2,0.6530273647019358,0.6016170978546143
3,0.5683820626952432,0.4623648524284363
4,0.42262795928752783,0.2673187255859375
5,0.2750538348248511,0.12812606990337372
6,0.20068548845522333,0.09470824152231216
7,0.18030908545761398,0.09955128282308578
