Epoch,Loss,Val_loss
1,0.6900367718754392,0.677964985370636
2,0.6686414597612439,0.6426321268081665
3,0.6197809757608356,0.5655058026313782
4,0.5274543834455085,0.4284834861755371
5,0.39100381731987,0.2549768090248108
6,0.2611756098992897,0.1289728432893753
7,0.18642501871694217,0.08956894278526306
8,0.16257758935292563,0.08737599849700928
9,0.1403114183834105,0.0908304750919342
