Epoch,Loss,Val_loss
1,0.6900710779609103,0.6811927556991577
2,0.6749626398086548,0.6566004753112793
3,0.6413830554846561,0.6071816682815552
4,0.5790496360171925,0.5206331014633179
5,0.4817068829680934,0.3930285573005676
6,0.3607576977122914,0.24815605580806732
7,0.2530946121974425,0.14031487703323364
8,0.18784637771772617,0.095481276512146
9,0.1650313310550921,0.0868903398513794
10,0.14999206725395087,0.08804472535848618
