Epoch,Loss,Val_loss
1,0.6882117787996928,0.668931245803833
2,0.6537597360032977,0.6066133975982666
3,0.5730369045878901,0.4704303443431854
4,0.4238796771475763,0.2707800567150116
5,0.27102326127615844,0.12569893896579742
6,0.19623093194130695,0.09221064299345016
7,0.17880869848710118,0.097779780626297
