Epoch,Loss,Val_loss
1,0.685984632282546,0.6653634309768677
2,0.646566191405961,0.5911047458648682
3,0.5472124119599661,0.4329773783683777
4,0.3940537702856642,0.2285597026348114
5,0.25518036882082623,0.11146443337202072
6,0.1872227293523875,0.09144025295972824
7,0.16187774096474503,0.09468527883291245
