Epoch,Loss,Val_loss
1,0.6891193931752985,0.6727398633956909
2,0.6598825951417288,0.6203234195709229
3,0.5870720879598097,0.5011551976203918
4,0.45019075816327875,0.31048500537872314
5,0.2930796846295848,0.1421641856431961
6,0.20323222717552475,0.08840824663639069
7,0.1825620529778076,0.08953709155321121
