Epoch,Loss,Val_loss
1,0.6880191221381678,0.6703224778175354
2,0.6569551644903241,0.6156901717185974
3,0.5869880526354818,0.49824953079223633
4,0.46668351644819434,0.3175864815711975
5,0.3130237049225605,0.15834638476371765
6,0.20217267897996036,0.09766446799039841
7,0.169467455284162,0.09246332198381424
8,0.15242277018048547,0.0977848619222641
