Epoch,Loss,Val_loss
1,0.6880352569348884,0.6719083786010742
2,0.6593697676152894,0.6208523511886597
3,0.5934754601030638,0.5113754272460938
4,0.46885743105050287,0.3393055200576782
5,0.3145150804158413,0.17171549797058105
6,0.21135878879012485,0.09883137792348862
7,0.17656337165019728,0.09261351823806763
8,0.15514391322027554,0.09715348482131958
