Epoch,Loss,Val_loss
1,0.6893575877854319,0.6795110702514648
2,0.6710027022795244,0.6513809561729431
3,0.6309203767415249,0.5956732034683228
4,0.560868086236896,0.5020785927772522
5,0.4642285627849174,0.3736957907676697
6,0.3469886210831729,0.23986345529556274
7,0.24437343351768726,0.1431477814912796
8,0.18523588957208575,0.09975976496934891
9,0.15547791789426949,0.08795536309480667
10,0.13534283638000488,0.08739418536424637
11,0.11856730891899629,0.08858001232147217
