Epoch,Loss,Val_loss
1,0.6884714744307778,0.6717261075973511
2,0.6600812501979597,0.6190363764762878
3,0.5881580737504092,0.504618763923645
4,0.46588419332648767,0.3243764042854309
5,0.3081267914085677,0.1588577777147293
6,0.2072860413428509,0.09395371377468109
7,0.17848880024570407,0.0911826491355896
8,0.1634669111985149,0.0965515747666359
