Epoch,Loss,Val_loss
1,0.6881019608540968,0.6701646447181702
2,0.6562516842827653,0.614291787147522
3,0.5842256275090304,0.4923281669616699
4,0.45123390040614386,0.3055151402950287
5,0.29479533524224255,0.14489951729774475
6,0.19447237862782044,0.0907832533121109
7,0.16643181872187238,0.09058258682489395
8,0.15291505419846738,0.09595837444067001
