Epoch,Loss,Val_loss
1,0.6877810015822902,0.6706356406211853
2,0.6572566944541354,0.6153361797332764
3,0.5854014736233335,0.4956914782524109
4,0.4476021302468849,0.31145453453063965
5,0.2891799979137652,0.1486356109380722
6,0.2062983260010228,0.0909515991806984
7,0.18458050986131033,0.09056571125984192
8,0.16746610335328363,0.09599695354700089
