Epoch,Loss,Val_loss
1,0.689349583604119,0.6759520769119263
2,0.6660380796952681,0.6357629895210266
3,0.611718627539548,0.5472901463508606
4,0.5033975546107148,0.3953513503074646
5,0.3565870654402357,0.21992182731628418
6,0.24255204900647653,0.1153106540441513
7,0.19089197073922012,0.09211866557598114
8,0.16867909580469131,0.09336268901824951
