Epoch,Loss,Val_loss
1,0.6882209786863038,0.6726021766662598
2,0.6600821605234435,0.6244896054267883
3,0.5969128229401328,0.5226196050643921
4,0.4812273496028149,0.3598911762237549
5,0.33795468644662335,0.19274382293224335
6,0.2174056526837927,0.10523927956819534
7,0.17348214961362607,0.08822312951087952
8,0.1534846147352999,0.0917528048157692
