Epoch,Loss,Val_loss
1,0.6873057394316702,0.6686160564422607
2,0.6531632352959026,0.6048433780670166
3,0.5669592519601186,0.4679892659187317
4,0.4180463001583562,0.26895958185195923
5,0.26069246300242166,0.12312225997447968
6,0.1876516342163086,0.0892234593629837
7,0.17310067988706357,0.09435144811868668
