Epoch,Loss,Val_loss
1,0.6907581957903776,0.6820729374885559
2,0.676469272736347,0.6583721041679382
3,0.6429320971171061,0.6087538003921509
4,0.5812569766333608,0.518949568271637
5,0.48245336792685767,0.3846468925476074
6,0.3552371480248191,0.23616744577884674
7,0.23590962001771637,0.1306428164243698
8,0.17855474736654398,0.0901883989572525
9,0.1569197110154412,0.08570350706577301
10,0.13648889258955466,0.08813416957855225
