Epoch,Loss,Val_loss
1,0.6876010650938208,0.6683882474899292
2,0.6515138239571543,0.6017704606056213
3,0.5648193178754864,0.4544340968132019
4,0.4149383238770745,0.25123947858810425
5,0.24790085784413599,0.11732441186904907
6,0.18467942941369433,0.08806814253330231
7,0.16832604214097513,0.09407343715429306
