Epoch,Loss,Val_loss
1,0.6883408716230681,0.6720067262649536
2,0.6596153631354823,0.625968337059021
3,0.5991803461855109,0.5300293564796448
4,0.4928566854108464,0.3751910626888275
5,0.33854636459639575,0.20875641703605652
6,0.2253109027038921,0.10994605720043182
7,0.17237948106996942,0.08993297815322876
8,0.150936232033101,0.09249655902385712
