Epoch,Loss,Val_loss
1,0.6866717248251943,0.6673951745033264
2,0.6524678233898047,0.6061601638793945
3,0.5718591926675854,0.4771488904953003
4,0.43431135966922296,0.28833454847335815
5,0.28429388277458423,0.13705457746982574
6,0.20726848777496454,0.09147174656391144
7,0.17744361586642987,0.09159359335899353
