Epoch,Loss,Val_loss
1,0.6874122140985547,0.6668897271156311
2,0.6506963489633618,0.5997860431671143
3,0.5652701782457756,0.4564845561981201
4,0.41087591738411877,0.2546067237854004
5,0.24619273051167978,0.11626792699098587
6,0.18587545011982773,0.08879511058330536
7,0.1703996414488012,0.0950479805469513
