Epoch,Loss,Val_loss
1,0.688519635886857,0.6738753318786621
2,0.6632606838688706,0.6307522058486938
3,0.6071933525981326,0.5405903458595276
4,0.5029531663114374,0.39182817935943604
5,0.3649055596553918,0.22155512869358063
6,0.24473934372266135,0.11577111482620239
7,0.1911955437425411,0.08876920491456985
8,0.17091928083788266,0.0900159701704979
