Epoch,Loss,Val_loss
1,0.6871556865446495,0.6675243973731995
2,0.6527617104125746,0.6054282188415527
3,0.572497897978985,0.47276538610458374
4,0.4262382044936671,0.2774749994277954
5,0.2716907253771117,0.12735560536384583
6,0.1973305389736638,0.08840617537498474
7,0.18315614398681757,0.09437087178230286
