Epoch,Loss,Val_loss
1,0.6901601435560168,0.6794257760047913
2,0.6714805247205676,0.650306224822998
3,0.630793088313305,0.5899090766906738
4,0.5522101413119923,0.4847354590892792
5,0.4426498155702244,0.339687705039978
6,0.3099011823986516,0.20041438937187195
7,0.21030658144842496,0.1167595311999321
8,0.1701745417985049,0.09020181000232697
9,0.1527247674988978,0.08834066987037659
10,0.13020801137794147,0.0898457020521164
