Epoch,Loss,Val_loss
1,0.6901989633386786,0.6782690286636353
2,0.6700427008397651,0.6460144519805908
3,0.6285322254354303,0.579133927822113
4,0.5443094743020607,0.46305564045906067
5,0.42594312763575354,0.3062892258167267
6,0.29293510046872223,0.16692589223384857
7,0.21266857692689606,0.10066071897745132
8,0.1754791425033049,0.08891801536083221
9,0.15358577826709457,0.09048042446374893
