Epoch,Loss,Val_loss
1,0.6869949021122672,0.6683480143547058
2,0.6529585854573683,0.6077146530151367
3,0.5722235549579967,0.47745299339294434
4,0.42903663805036835,0.28446003794670105
5,0.2695558572357351,0.13250930607318878
6,0.19466363051624008,0.08989059925079346
7,0.1772406566323656,0.09232183545827866
