Epoch,Loss,Val_loss
1,0.6893494589762255,0.6792508959770203
2,0.6713958563226642,0.6533658504486084
3,0.6359385676456221,0.6049519181251526
4,0.5758890934062727,0.5243297219276428
5,0.49408965038530755,0.40905413031578064
6,0.38318609468864673,0.28028419613838196
7,0.2757632556286725,0.1709420382976532
8,0.20604764196005734,0.10874343663454056
9,0.16607549222129764,0.08985932171344757
10,0.14474061154054874,0.08699889481067657
11,0.12509497898546132,0.08773019909858704
