Epoch,Loss,Val_loss
1,0.6878933048609531,0.6707181930541992
2,0.6569741666316986,0.6158868670463562
3,0.5853015103123405,0.4983278214931488
4,0.4559289998177326,0.31739839911460876
5,0.3078208800518151,0.1561168134212494
6,0.2059408403707273,0.09668388962745667
7,0.1764621524648233,0.09385326504707336
8,0.1576837653463537,0.09908033907413483
