Epoch,Loss,Val_loss
1,0.6879863106843197,0.6705285310745239
2,0.6574530836307642,0.6168680787086487
3,0.5867067873477936,0.5028102993965149
4,0.45795758429801825,0.32418668270111084
5,0.3025069372220473,0.15909911692142487
6,0.199387237655394,0.0928238183259964
7,0.17263498383037973,0.08804450184106827
8,0.15818404496619196,0.09216390550136566
