Epoch,Loss,Val_loss
1,0.6890642697160895,0.6764705181121826
2,0.6658177041646206,0.6392828226089478
3,0.6151917332952673,0.5599189400672913
4,0.5171498746582956,0.4222293794155121
5,0.38766576169115124,0.25179263949394226
6,0.2477492599776297,0.13148826360702515
7,0.18584474718028848,0.08985339850187302
8,0.16514183987270703,0.08794108033180237
9,0.1392227519642223,0.09075510501861572
