Epoch,Loss,Val_loss
1,0.68937031157089,0.6766936182975769
2,0.6674163088654027,0.638550341129303
3,0.6157925363742944,0.5578786134719849
4,0.5276277272990255,0.42280712723731995
5,0.3902158321756305,0.2594563663005829
6,0.25914524698799307,0.1354260891675949
7,0.1931531038699728,0.09121853858232498
8,0.16768582752256683,0.08860406279563904
9,0.14286173168908467,0.09240882843732834
