Epoch,Loss,Val_loss
1,0.6873575593485977,0.6695887446403503
2,0.6570280022693403,0.6140830516815186
3,0.5852244993050894,0.49633777141571045
4,0.4659083503665346,0.3194425404071808
5,0.3065438387971936,0.1617475003004074
6,0.20489621388189722,0.0965970829129219
7,0.16768299675349033,0.09156739711761475
8,0.14890203037948319,0.0964486226439476
