Epoch,Loss,Val_loss
1,0.6876742325045846,0.6698708534240723
2,0.6549566668091398,0.6144424080848694
3,0.5840923632636215,0.49718838930130005
4,0.45003289074608777,0.31720465421676636
5,0.29067386957732116,0.1538425087928772
6,0.20553681818824826,0.09188326448202133
7,0.17532970237009454,0.08952928334474564
8,0.15514147213914178,0.0940813198685646
