Epoch,Loss,Val_loss
1,0.6895516415437063,0.6739911437034607
2,0.6613837363141956,0.619078516960144
3,0.5872819694605741,0.4903372526168823
4,0.4464628118457216,0.2881114184856415
5,0.2795820574868809,0.12937617301940918
6,0.19453925774856048,0.09053029119968414
7,0.17917298898100853,0.09716635942459106
