Epoch,Loss,Val_loss
1,0.6861141585942471,0.6652916669845581
2,0.6480489707354343,0.5936421751976013
3,0.5526055774905465,0.441469669342041
4,0.40288934834075696,0.23902152478694916
5,0.23857738777543558,0.11315610259771347
6,0.18019169817368189,0.08870506286621094
7,0.1656036852209857,0.09425177425146103
