Epoch,Loss,Val_loss
1,0.687730172366807,0.6718058586120605
2,0.658959585608858,0.6255415678024292
3,0.5973683893680573,0.531430184841156
4,0.4913324343435692,0.3814946115016937
5,0.3488365542708021,0.2173089236021042
6,0.2325543573859966,0.11584869027137756
7,0.17974264987490393,0.08744422346353531
8,0.157945339652625,0.08753406256437302
