Epoch,Loss,Val_loss
1,0.6895154886173479,0.6749687790870667
2,0.6631488005320231,0.6281540393829346
3,0.5987885774988116,0.5205258727073669
4,0.4781338762153279,0.3402058780193329
5,0.31787867844104767,0.16453219950199127
6,0.20735198372241223,0.09413564950227737
7,0.1747614542643229,0.08955924212932587
8,0.15074392724217792,0.09436120092868805
