Epoch,Loss,Val_loss
1,0.6889468422441771,0.675578773021698
2,0.6673719178546559,0.6398751139640808
3,0.6202047178239534,0.5698724985122681
4,0.5376556958212997,0.45346134901046753
5,0.41309633173725824,0.3030097186565399
6,0.2951788938406742,0.16822679340839386
7,0.20733468144228964,0.10250629484653473
8,0.1706721599806439,0.08779989928007126
9,0.14351543987339194,0.08762707561254501
10,0.12628535023241333,0.08911220729351044
