Epoch,Loss,Val_loss
1,0.6892510092619694,0.6753551363945007
2,0.6641248735514554,0.633182168006897
3,0.6075026979952147,0.5406705737113953
4,0.4980234255393346,0.3833720088005066
5,0.35138290985064075,0.20712275803089142
6,0.2248027938784975,0.10731197893619537
7,0.17838402273076953,0.08757586777210236
8,0.15367557164846044,0.09043146669864655
