Epoch,Loss,Val_loss
1,0.6883506765871337,0.6713593602180481
2,0.6575474847446788,0.6158827543258667
3,0.5824456467772975,0.4935384690761566
4,0.4421277262947776,0.30390024185180664
5,0.29483817156517145,0.1445758044719696
6,0.19999781567038913,0.09428048878908157
7,0.17432074497143427,0.09441480040550232
