Epoch,Loss,Val_loss
1,0.6877113526517694,0.6725356578826904
2,0.6604388699387059,0.6251824498176575
3,0.5957232343428063,0.5246349573135376
4,0.48236126159176684,0.36191344261169434
5,0.3330788476900621,0.19198504090309143
6,0.22785322006904718,0.10472339391708374
7,0.17970319137428747,0.08875268697738647
8,0.15746063739061356,0.0902131050825119
