Epoch,Loss,Val_loss
1,0.689536553440672,0.6768105626106262
2,0.6667678401325688,0.641618549823761
3,0.6188305914402008,0.570551335811615
4,0.5375278248931422,0.45033180713653564
5,0.40697961187723913,0.29672133922576904
6,0.2810207230575157,0.16138267517089844
7,0.19664943579471472,0.09916895627975464
8,0.1709483995130568,0.08770837634801865
9,0.15031968034578091,0.08980778604745865
