Epoch,Loss,Val_loss
1,0.6887007518248125,0.6703277230262756
2,0.6551649028604681,0.6068114638328552
3,0.5693700593529325,0.46306851506233215
4,0.416744716239698,0.25628650188446045
5,0.2495320046489889,0.11641757190227509
6,0.1841238863540418,0.08848197013139725
7,0.16658736042904132,0.09384120255708694
