Epoch,Loss,Val_loss
1,0.6883863698352467,0.6720987558364868
2,0.6581851243972778,0.6196022629737854
3,0.5891349496263446,0.502177357673645
4,0.45777578471284924,0.3153747618198395
5,0.2905283990231427,0.1481788456439972
6,0.19869642478950095,0.09146560728549957
7,0.17743453993038696,0.0929192379117012
