Epoch,Loss,Val_loss
1,0.6894053798733335,0.6740150451660156
2,0.6619786556923029,0.624379575252533
3,0.59254918495814,0.5132240653038025
4,0.46914989975365723,0.33161047101020813
5,0.3089302231868108,0.15833623707294464
6,0.22043639331152945,0.09223388135433197
7,0.1869715672325004,0.09008656442165375
8,0.16344243209018852,0.09496891498565674
