Epoch,Loss,Val_loss
1,0.6893310014045599,0.673909068107605
2,0.6626631427894939,0.6277410387992859
3,0.6001423516056754,0.5263532996177673
4,0.4822214674769026,0.3574085831642151
5,0.32699136435985565,0.1812242716550827
6,0.21506335766929568,0.09808916598558426
7,0.17059077141862927,0.0874146893620491
8,0.15282415734096008,0.09136379510164261
