Epoch,Loss,Val_loss
1,0.6899561421437697,0.6774577498435974
2,0.6693500054605079,0.6410617232322693
3,0.6205847624576453,0.562950074672699
4,0.5305757540645022,0.428517609834671
5,0.39949653049310047,0.2597857117652893
6,0.26771373482364597,0.13529133796691895
7,0.18902514265342193,0.09249337017536163
8,0.16071943080786502,0.08859438449144363
9,0.13576415768175415,0.0919094830751419
