Epoch,Loss,Val_loss
1,0.6888465375611277,0.6751704216003418
2,0.6635328766071436,0.6326456665992737
3,0.6061482953302788,0.5397292971611023
4,0.4918092299591411,0.38378867506980896
5,0.344638466835022,0.20968270301818848
6,0.22071873825607877,0.1099269688129425
7,0.1720329766923731,0.08760704100131989
8,0.15477417748082767,0.09068415313959122
