Epoch,Loss,Val_loss
1,0.6885098128607778,0.6704164743423462
2,0.6566158325383158,0.6145961880683899
3,0.5827002489205563,0.4957157373428345
4,0.45078277452425525,0.31350046396255493
5,0.30389805386463803,0.15353795886039734
6,0.20096898507891278,0.0953356996178627
7,0.1693602515892549,0.09095556288957596
8,0.15517055367430052,0.09594254940748215
