Epoch,Loss,Val_loss
1,0.6879879886453802,0.6689354181289673
2,0.6524233763868158,0.6019154191017151
3,0.564166194561756,0.4517713785171509
4,0.40128934970407776,0.24194809794425964
5,0.24515566410440387,0.10928714275360107
6,0.18019759022828305,0.08841066062450409
7,0.16500583223321222,0.09399740397930145
