Epoch,Loss,Val_loss
1,0.6883254276983666,0.6702418327331543
2,0.655663173307072,0.6056090593338013
3,0.5716223924448995,0.45775851607322693
4,0.412776429996346,0.24565722048282623
5,0.2537569146264683,0.10990112274885178
6,0.18828513969977698,0.0905090793967247
7,0.17422641746022485,0.09835343062877655
