Epoch,Loss,Val_loss
1,0.6885050724853169,0.6754010319709778
2,0.6649305116046559,0.6374274492263794
3,0.6134818133079645,0.5596561431884766
4,0.5230005979537964,0.4279392957687378
5,0.3902011251810825,0.26339828968048096
6,0.2662115300243551,0.13802334666252136
7,0.19198996822039285,0.092313751578331
8,0.16634217694853293,0.08671741932630539
9,0.13984491856712283,0.08930719643831253
