Epoch,Loss,Val_loss
1,0.6881729752728434,0.6719823479652405
2,0.6607300250819235,0.624021589756012
3,0.5952798552585371,0.5246650576591492
4,0.48528652028603986,0.3649834990501404
5,0.333183842626485,0.19598273932933807
6,0.21773312218261487,0.10447709262371063
7,0.18164715419212976,0.08815054595470428
8,0.16280218563748128,0.09239853918552399
