Epoch,Loss,Val_loss
1,0.688127645037391,0.6700296401977539
2,0.6566399904814634,0.613717257976532
3,0.5842610227339196,0.49435001611709595
4,0.45165016840804706,0.3123384714126587
5,0.3013331619175998,0.1509539783000946
6,0.20279926377715488,0.09480854868888855
7,0.17316234134363406,0.0934835746884346
8,0.15451904374993208,0.09847274422645569
