Epoch,Loss,Val_loss
1,0.6869307657082876,0.6685531139373779
2,0.6537946011080886,0.6092798709869385
3,0.5785285089955186,0.481790155172348
4,0.4344722971771703,0.2906879186630249
5,0.2764025673721776,0.13401362299919128
6,0.1904777092012492,0.08837558329105377
7,0.17507717848727197,0.092411570250988
