Epoch,Loss,Val_loss
1,0.6868543110110543,0.6659122109413147
2,0.6495692332585653,0.592348575592041
3,0.5557556441335967,0.4327859580516815
4,0.39471780079783814,0.22444437444210052
5,0.24254869759985895,0.10526206344366074
6,0.18053545893141718,0.08859218657016754
7,0.16797188195315274,0.09521720558404922
