Epoch,Loss,Val_loss
1,0.6896160606181982,0.6780864000320435
2,0.6698600252469381,0.6463961005210876
3,0.6286425337646947,0.5831506252288818
4,0.5504586759841803,0.47435814142227173
5,0.4375049020304824,0.32555636763572693
6,0.3073090481938738,0.18544906377792358
7,0.21648782153021207,0.10892628878355026
8,0.16646996840383066,0.09018153697252274
9,0.14146985305529652,0.08917637914419174
10,0.12495971617825104,0.09106277674436569
