Epoch,Loss,Val_loss
1,0.6872651459592761,0.6682933568954468
2,0.6532902338288047,0.6054293513298035
3,0.5694276518893965,0.46679747104644775
4,0.4241001605987549,0.26468273997306824
5,0.2644923446756421,0.12143425643444061
6,0.1954751518188101,0.09033378958702087
7,0.17513538197134482,0.09512362629175186
