Epoch,Loss,Val_loss
1,0.6893998592188864,0.6771118640899658
2,0.6680110738132939,0.642970085144043
3,0.6214914159341292,0.5739855170249939
4,0.5375043126669797,0.4570021331310272
5,0.41573014765074756,0.3025672733783722
6,0.28266928548162634,0.16695068776607513
7,0.19646674823580365,0.10036185383796692
8,0.16696693996588388,0.08577156811952591
9,0.1513017142812411,0.08708122372627258
