Epoch,Loss,Val_loss
1,0.6890549063682556,0.6771029233932495
2,0.6665402966918368,0.6406421065330505
3,0.6162754766868822,0.5646659135818481
4,0.5227838619188829,0.4357481896877289
5,0.3956876799012675,0.27304762601852417
6,0.26352143332813727,0.14523613452911377
7,0.1876883375825304,0.09324417263269424
8,0.1635130334532622,0.08633946627378464
9,0.14660629607511289,0.08930046856403351
