Epoch,Loss,Val_loss
1,0.6871334305315306,0.6670868396759033
2,0.6519873684102838,0.5995681285858154
3,0.5630153173750098,0.45430511236190796
4,0.4090698632326993,0.2506500482559204
5,0.2571129207358216,0.11491698771715164
6,0.18658107643326124,0.08856265991926193
7,0.16698814951109164,0.09410899877548218
