Epoch,Loss,Val_loss
1,0.6900202333927155,0.6785645484924316
2,0.6697559492154554,0.6485342979431152
3,0.6290629695762288,0.5893862247467041
4,0.5563042145786863,0.48961004614830017
5,0.45223849831205426,0.35288602113723755
6,0.31914353370666504,0.21565070748329163
7,0.22233421784458737,0.12412369251251221
8,0.17210739241404968,0.09209160506725311
9,0.14629080778721607,0.08763094246387482
10,0.1286700221173691,0.08928003162145615
