Epoch,Loss,Val_loss
1,0.6905598559162833,0.6828528642654419
2,0.6765636765595638,0.6609717011451721
3,0.6463407169688832,0.6171364188194275
4,0.5901974683458154,0.5403855443000793
5,0.5082629277850642,0.426243394613266
6,0.3916114659020395,0.2912081778049469
7,0.28220359935904993,0.17109322547912598
8,0.1991211555220864,0.10725785791873932
9,0.160296258149725,0.08632141351699829
10,0.13964274999770251,0.08412190526723862
11,0.11988788481914636,0.08526165038347244
