Epoch,Loss,Val_loss
1,0.688941380291274,0.6753661632537842
2,0.666729880101753,0.6378161907196045
3,0.6156838725913655,0.5612565279006958
4,0.5256463451818987,0.4325612485408783
5,0.39845296424446686,0.27090734243392944
6,0.2730620494394591,0.1442945897579193
7,0.18943904306400905,0.09466325491666794
8,0.1564466513016007,0.08573182672262192
9,0.13884646727731734,0.08766601979732513
