Epoch,Loss,Val_loss
1,0.6875974824934294,0.6699426174163818
2,0.6556054633675199,0.6144331097602844
3,0.5835546246080687,0.4986323118209839
4,0.45887735034480237,0.32188519835472107
5,0.3054325273542693,0.15964281558990479
6,0.21149080224109418,0.09354868531227112
7,0.17519674585624176,0.08872109651565552
8,0.15531901970054163,0.09245262295007706
