Epoch,Loss,Val_loss
1,0.6892338205467571,0.6735915541648865
2,0.6592554359725027,0.6211316585540771
3,0.587143571990909,0.4995061159133911
4,0.44500473909305804,0.30663660168647766
5,0.2851737809903694,0.14122115075588226
6,0.21213062130140536,0.09038743376731873
7,0.184997123299223,0.09224305301904678
