Epoch,Loss,Val_loss
1,0.6874960173260082,0.669624924659729
2,0.6551647168217283,0.6081107258796692
3,0.5732469703211929,0.4729066491127014
4,0.43756127086552704,0.2775498032569885
5,0.271833188606031,0.13038551807403564
6,0.19038975419420184,0.0895107313990593
7,0.16905070231719452,0.09264000505208969
