Epoch,Loss,Val_loss
1,0.6898102245547555,0.6794803738594055
2,0.6726739686546903,0.6521065831184387
3,0.6358828418182604,0.5980654358863831
4,0.567218617959456,0.5056753158569336
5,0.468994396202492,0.3745557367801666
6,0.3468690144293236,0.2356225699186325
7,0.2385824081121069,0.13751424849033356
8,0.18377927035996408,0.09441566467285156
9,0.15619826113635843,0.08576413989067078
10,0.13344071511969421,0.08617764711380005
