Epoch,Loss,Val_loss
1,0.6870468547849944,0.6657568216323853
2,0.6505157532113971,0.5947118401527405
3,0.5576753787922136,0.44471871852874756
4,0.3951911854021477,0.24137438833713531
5,0.24484669349410318,0.1104830801486969
6,0.18455776233564725,0.0887083038687706
7,0.17028230067455408,0.09546343982219696
