Epoch,Loss,Val_loss
1,0.6892593764897549,0.6746609807014465
2,0.6632836343664111,0.6287423372268677
3,0.6022408496249806,0.527231752872467
4,0.48864645578644494,0.35925209522247314
5,0.3415991767789378,0.18819177150726318
6,0.2258848570513003,0.10398460179567337
7,0.17815047558961492,0.09044091403484344
8,0.15746687465544904,0.09284339100122452
