Epoch,Loss,Val_loss
1,0.6875531872113546,0.6714555621147156
2,0.658162081783468,0.6206629872322083
3,0.5902841614954399,0.5119156241416931
4,0.4697799271706379,0.3406261205673218
5,0.3289808585788264,0.17541497945785522
6,0.22009942387089584,0.10148176550865173
7,0.18128625190619266,0.0906360000371933
8,0.1614970633703651,0.09399951994419098
