Epoch,Loss,Val_loss
1,0.6887185076872507,0.6753320693969727
2,0.6639323911883614,0.633496880531311
3,0.6077578185182629,0.5429590344429016
4,0.49896023761142383,0.38966700434684753
5,0.3535033685691429,0.2150510549545288
6,0.2345523719083179,0.11220742017030716
7,0.18865374182209824,0.08883479982614517
8,0.17002908772591388,0.09029960632324219
