Epoch,Loss,Val_loss
1,0.6888048043756774,0.6707819104194641
2,0.6565023525194689,0.6087921857833862
3,0.5732455696120407,0.46972203254699707
4,0.42266392617514636,0.26644784212112427
5,0.26167947099064337,0.12106502801179886
6,0.19291231781244278,0.09045132249593735
7,0.17592506313865836,0.09593029320240021
