Epoch,Loss,Val_loss
1,0.6878127455711365,0.6675967574119568
2,0.6503544052441915,0.6003540754318237
3,0.5619403756026066,0.45396682620048523
4,0.41340557959946717,0.25004351139068604
5,0.2616285966201262,0.11663644015789032
6,0.19102788614955815,0.08963549882173538
7,0.17482471037091632,0.09317366778850555
