Epoch,Loss,Val_loss
1,0.6894066713073037,0.6750419735908508
2,0.663642457037261,0.6293574571609497
3,0.6026358568307125,0.5256916880607605
4,0.47825903558369837,0.3530553877353668
5,0.3203419374697136,0.17529888451099396
6,0.20797457094445373,0.09572005271911621
7,0.1748789447275075,0.08857457339763641
8,0.16067523712461645,0.09412537515163422
