Epoch,Loss,Val_loss
1,0.6876081291473273,0.6686387062072754
2,0.6538336629217322,0.6076178550720215
3,0.5737412147449724,0.47469401359558105
4,0.4340646610115514,0.27884337306022644
5,0.2730384733189236,0.13008548319339752
6,0.18249937237212152,0.08967538177967072
7,0.1601582779125734,0.09328487515449524
