Epoch,Loss,Val_loss
1,0.6912186145782471,0.683533251285553
2,0.6779811608068871,0.663170337677002
3,0.6482367714246114,0.6229658126831055
4,0.5972839277802091,0.5523590445518494
5,0.5143645712823579,0.44512906670570374
6,0.4085922543749665,0.3112586438655853
7,0.30103412089925824,0.18985947966575623
8,0.2118293945536469,0.11929880082607269
9,0.16713592048847314,0.09053493291139603
10,0.14404000398336034,0.08442393690347672
11,0.1231261898170818,0.08445127308368683
