Epoch,Loss,Val_loss
1,0.6882136771173188,0.6698582172393799
2,0.6548671153458682,0.6067801713943481
3,0.5691056775324272,0.46396493911743164
4,0.41315013576637616,0.2566547691822052
5,0.26126375342860364,0.11638573557138443
6,0.1907002232743032,0.08952708542346954
7,0.18126107774900668,0.09633908420801163
