Epoch,Loss,Val_loss
1,0.6896431102897181,0.6748610734939575
2,0.6628679380272374,0.6285513043403625
3,0.5984068521947572,0.5226025581359863
4,0.47437788952480664,0.34347909688949585
5,0.320397006742882,0.16626395285129547
6,0.20858805152502927,0.09402554482221603
7,0.16970306905833157,0.087740957736969
8,0.15267542365825537,0.09273382276296616
