Epoch,Loss,Val_loss
1,0.6882492972142769,0.676285445690155
2,0.6665873717177998,0.64292311668396
3,0.6227514328378619,0.577720582485199
4,0.546707340262153,0.46910813450813293
5,0.43017467269391724,0.3253191411495209
6,0.3060698730475975,0.18843938410282135
7,0.21778194854656854,0.10957325994968414
8,0.1748266536178011,0.08753291517496109
9,0.15269144274520152,0.08632221072912216
10,0.13682499121535907,0.08820003271102905
