Epoch,Loss,Val_loss
1,0.6898309461998217,0.6766515970230103
2,0.6660023123928995,0.6367389559745789
3,0.6124843377055544,0.548393964767456
4,0.5036588979489875,0.3952924907207489
5,0.3688824808958805,0.21832066774368286
6,0.244638196672454,0.11437242478132248
7,0.18892822482369162,0.08848606050014496
8,0.1645389391165791,0.08877439051866531
