Epoch,Loss,Val_loss
1,0.6877126856283708,0.6675336360931396
2,0.6515830990039941,0.6003493070602417
3,0.5615760503393231,0.4557344317436218
4,0.40751987379608734,0.25200679898262024
5,0.255944954626488,0.11492452025413513
6,0.19005017163175525,0.08969566226005554
7,0.1707789608926484,0.09500368684530258
