Epoch,Loss,Val_loss
1,0.6872978472348416,0.6699721217155457
2,0.6578433025966991,0.6145856380462646
3,0.5836366198279641,0.49421426653862
4,0.4607845784136743,0.309343546628952
5,0.30546152411085187,0.15010622143745422
6,0.20049544739903827,0.09243088215589523
7,0.17030566151846538,0.08901465684175491
8,0.1496438683208191,0.09417492896318436
