Epoch,Loss,Val_loss
1,0.6875478173747207,0.6701271533966064
2,0.6556897831685615,0.6117991209030151
3,0.5797306913318057,0.4831114113330841
4,0.4413786069913344,0.28818753361701965
5,0.2805955017154867,0.1335533708333969
6,0.20551009543917395,0.09083140641450882
7,0.19105847879792703,0.09569339454174042
