Epoch,Loss,Val_loss
1,0.6849527106140599,0.6601856350898743
2,0.6388814042914998,0.5728127956390381
3,0.5288864988269228,0.3973170816898346
4,0.36321009334289667,0.1943180412054062
5,0.22220289210478464,0.09990319609642029
6,0.18045182706731738,0.09312470257282257
7,0.1657074841134476,0.09852650761604309
