Epoch,Loss,Val_loss
1,0.6904179688655969,0.6793561577796936
2,0.6722974406950402,0.6493173837661743
3,0.6327785542516997,0.5876029133796692
4,0.5588451732288707,0.47925418615341187
5,0.4414354260220672,0.3293815553188324
6,0.307608140688954,0.18390187621116638
7,0.21242709164366577,0.10425245761871338
8,0.17463492240869638,0.08597171306610107
9,0.15389651014949335,0.08767871558666229
