Epoch,Loss,Val_loss
1,0.6888699215469938,0.6724936962127686
2,0.6608170460570942,0.6213993430137634
3,0.5938970509803656,0.5100692510604858
4,0.4683593890883706,0.33216238021850586
5,0.3054734098188805,0.16228994727134705
6,0.20947052290042242,0.09513378888368607
7,0.17497368834235452,0.09241010248661041
8,0.15748752811641403,0.09704086184501648
