Epoch,Loss,Val_loss
1,0.6873642802238464,0.6661967635154724
2,0.6491388606302666,0.5921979546546936
3,0.5508585265188506,0.4318436086177826
4,0.3837067692568808,0.2209922969341278
5,0.23089168378801056,0.10447901487350464
6,0.18690380183133212,0.09177242964506149
7,0.1778885837305676,0.09862028807401657
