Epoch,Loss,Val_loss
1,0.6891353238712657,0.6758176684379578
2,0.6656120238882123,0.636260986328125
3,0.6129356983936194,0.5523512363433838
4,0.5177240606510278,0.4117201566696167
5,0.38108813265959424,0.24411995708942413
6,0.2493411564465725,0.1275090128183365
7,0.18885432522405277,0.08982165157794952
8,0.16619677706198258,0.08880279213190079
9,0.14345142550089143,0.09192304313182831
