Epoch,Loss,Val_loss
1,0.6878135068850084,0.6711677312850952
2,0.6581429477893945,0.6170061826705933
3,0.5855463959954001,0.4994421899318695
4,0.452947351065549,0.3164038360118866
5,0.28930513515616907,0.15102829039096832
6,0.19507962849104044,0.09066171944141388
7,0.16553776372562756,0.08959273993968964
8,0.1492168934959354,0.09440616518259048
