Epoch,Loss,Val_loss
1,0.688520430615454,0.6715342998504639
2,0.6577690216627988,0.6164888739585876
3,0.5856198758789988,0.4948396384716034
4,0.4435897948163928,0.30480313301086426
5,0.28965377581842017,0.14049477875232697
6,0.19839774072170258,0.08889876306056976
7,0.17732877081090753,0.09018638730049133
