Epoch,Loss,Val_loss
1,0.686226616303126,0.666814386844635
2,0.64966332822135,0.6013550162315369
3,0.5605850355191664,0.46163415908813477
4,0.41805657654097583,0.2659812867641449
5,0.26013366584524966,0.12697872519493103
6,0.18497057981563336,0.09003382176160812
7,0.16249431906775993,0.09180298447608948
