Epoch,Loss,Val_loss
1,0.6868757244312402,0.6660070419311523
2,0.6490510485389016,0.5943303108215332
3,0.556080182393392,0.43984004855155945
4,0.4099763419592019,0.23544280230998993
5,0.25691561581510486,0.11385801434516907
6,0.18752404866796551,0.09146817773580551
7,0.16759895476879497,0.09654327481985092
