Epoch,Loss,Val_loss
1,0.6876019871596134,0.6686961054801941
2,0.6515130120696444,0.6023094654083252
3,0.5647137679836967,0.45810267329216003
4,0.40605814213102515,0.2536846995353699
5,0.25022142628828686,0.11638900637626648
6,0.19665636099649197,0.0921006053686142
7,0.18045383578900134,0.09982477873563766
