Epoch,Loss,Val_loss
1,0.6895410689440641,0.6773861646652222
2,0.668069089903976,0.6434522271156311
3,0.6234612212036595,0.5728058218955994
4,0.5384794636206194,0.45085716247558594
5,0.4138993295756253,0.2896372675895691
6,0.2736420997164466,0.1537649780511856
7,0.1967856315049258,0.09394129365682602
8,0.16558981822295624,0.08593694865703583
9,0.14313623692953226,0.08870931714773178
