Epoch,Loss,Val_loss
1,0.6884704168998834,0.67145174741745
2,0.6588918494455742,0.6203361749649048
3,0.5928653830831702,0.5116755366325378
4,0.4721343092846148,0.3404787480831146
5,0.3199895444241437,0.1725950688123703
6,0.21235612102530219,0.09739583730697632
7,0.17937676269899716,0.0885486751794815
8,0.15838503115104907,0.09210608899593353
