Epoch,Loss,Val_loss
1,0.6856408055984613,0.6631855964660645
2,0.6450077322396365,0.5890932083129883
3,0.5511583216262587,0.4358827769756317
4,0.3904055049925139,0.23387008905410767
5,0.246024808874636,0.10812373459339142
6,0.18390625782988287,0.08731616288423538
7,0.16823587521459116,0.09252707660198212
