Epoch,Loss,Val_loss
1,0.6900571259585294,0.6811238527297974
2,0.6741651341770635,0.6571665406227112
3,0.6408673678383683,0.6109448075294495
4,0.5821910735332605,0.5331716537475586
5,0.4916940981691534,0.4215999245643616
6,0.3869255090301687,0.29184582829475403
7,0.27346879401893326,0.1826840341091156
8,0.20046725169275748,0.11632861196994781
9,0.16307589140805331,0.09216995537281036
10,0.14081407180338196,0.08731546252965927
11,0.12786163886388144,0.08799177408218384
