Epoch,Loss,Val_loss
1,0.6890120280511451,0.6750349998474121
2,0.6627531430938027,0.6306688189506531
3,0.6013383955666514,0.5310109257698059
4,0.48230026707504736,0.36269351840019226
5,0.33193568749861285,0.18507328629493713
6,0.21453693734877038,0.0995340570807457
7,0.17989724400368604,0.08671507984399796
8,0.16401339931921524,0.09132657945156097
