Epoch,Loss,Val_loss
1,0.6894016654202433,0.6763482093811035
2,0.6659521207664952,0.637975811958313
3,0.6151546176635858,0.5576473474502563
4,0.5163736587220972,0.42199087142944336
5,0.3902600267619798,0.25570085644721985
6,0.25860588388009503,0.13516570627689362
7,0.19124026483658588,0.09172600507736206
8,0.16776027553009265,0.08836574107408524
9,0.14978001503781838,0.09127294272184372
