Epoch,Loss,Val_loss
1,0.6888736423217889,0.6706701517105103
2,0.656132290760676,0.607245683670044
3,0.5701919721834587,0.4620097875595093
4,0.4178658908966816,0.25379687547683716
5,0.2602807445959611,0.11734770238399506
6,0.18632699413733048,0.09198950231075287
7,0.16447803965120605,0.09725343436002731
