Epoch,Loss,Val_loss
1,0.6874413183241179,0.6651559472084045
2,0.6482494663108479,0.5902107954025269
3,0.5492678076931925,0.42776840925216675
4,0.3851938595374425,0.2166905403137207
5,0.24279655425837546,0.10408422350883484
6,0.1892325742678209,0.09320468455553055
7,0.1658993238075213,0.09953572601079941
