Epoch,Loss,Val_loss
1,0.6900898561333165,0.6776569485664368
2,0.6686008030718024,0.641720175743103
3,0.6201009488467014,0.5625115633010864
4,0.51993799570835,0.4212300479412079
5,0.39197216882850183,0.24371962249279022
6,0.250776288635803,0.1228729709982872
7,0.1828303016496427,0.08869768679141998
8,0.16323025502038724,0.08948703110218048
