Epoch,Loss,Val_loss
1,0.6906898265535181,0.6817384958267212
2,0.6755292523990978,0.6579166650772095
3,0.643174716017463,0.6095444560050964
4,0.5826019301558986,0.5244318842887878
5,0.48744429738232586,0.40009772777557373
6,0.37052251263098285,0.2586649954319
7,0.2618930841034109,0.15010172128677368
8,0.1886323457866004,0.10037356615066528
9,0.15597985075278717,0.08782488107681274
10,0.1372043817783847,0.08739785850048065
11,0.12079263693003943,0.08867105841636658
