Epoch,Loss,Val_loss
1,0.6880702764698954,0.66908860206604
2,0.6554117780743223,0.6063619256019592
3,0.5732138346542012,0.4684329926967621
4,0.4256482973243251,0.26618629693984985
5,0.26495191861282696,0.12038904428482056
6,0.1919177474849152,0.08982782810926437
7,0.17700716017773657,0.09850481897592545
