Epoch,Loss,Val_loss
1,0.6867877524910551,0.6673420667648315
2,0.6507437418807637,0.6004419922828674
3,0.5588133597012722,0.45773744583129883
4,0.4039156080195398,0.25677555799484253
5,0.2618805034594102,0.11958439648151398
6,0.18877356544588553,0.09116029739379883
7,0.1689717292108319,0.09462034702301025
