Epoch,Loss,Val_loss
1,0.6862728731198744,0.6633152365684509
2,0.6439370485869321,0.5842310786247253
3,0.5464950483856779,0.41881293058395386
4,0.3793904492349336,0.21389944851398468
5,0.23551181387720685,0.10452419519424438
6,0.17539092175888293,0.09248600155115128
7,0.1611730713735927,0.09901309013366699
