Epoch,Loss,Val_loss
1,0.6890010364127882,0.6765680313110352
2,0.667119978052197,0.6414141058921814
3,0.61984511848652,0.5702335238456726
4,0.5351115970900564,0.45057055354118347
5,0.4113517701625824,0.29834166169166565
6,0.2835268357937986,0.1672382950782776
7,0.2082447980841001,0.10402588546276093
8,0.1661961841763872,0.09030726552009583
9,0.14227713373574344,0.08974170684814453
10,0.12238220452810779,0.0909755527973175
