Epoch,Loss,Val_loss
1,0.6894108535665454,0.6759828329086304
2,0.6650542363975988,0.6346724033355713
3,0.610422002546715,0.5459732413291931
4,0.5080856473156901,0.39718154072761536
5,0.3650479447661024,0.22578267753124237
6,0.24075801015803308,0.11672015488147736
7,0.18588532078446765,0.08903111517429352
8,0.1688761686285337,0.09118544310331345
