Epoch,Loss,Val_loss
1,0.6897414471163894,0.6777986884117126
2,0.6689253539750071,0.6423550844192505
3,0.6218496922290686,0.5666390657424927
4,0.5246556310942678,0.4359445869922638
5,0.395260341239698,0.2680916488170624
6,0.2645280415361578,0.1401333510875702
7,0.18785825010501978,0.0944259986281395
8,0.16339001511082504,0.08998435735702515
9,0.14618576430913174,0.09268772602081299
