Epoch,Loss,Val_loss
1,0.6878158224351478,0.6678218245506287
2,0.6531497899330023,0.6020529866218567
3,0.5679662037979473,0.46061474084854126
4,0.42270407848285907,0.2588392198085785
5,0.26719116351821204,0.12028903514146805
6,0.18723197890953583,0.09213421493768692
7,0.17123735899275,0.09749578684568405
