Epoch,Loss,Val_loss
1,0.6879229970050581,0.6707411408424377
2,0.6560284450198665,0.6139746308326721
3,0.5823813803268202,0.49099719524383545
4,0.4466821664210522,0.3041769564151764
5,0.29049174306970654,0.14262127876281738
6,0.19997881510944077,0.08891880512237549
7,0.17166170026316788,0.08857365697622299
8,0.14976360445672815,0.09355419129133224
