Epoch,Loss,Val_loss
1,0.6878556049231327,0.6707862615585327
2,0.6577398551232887,0.6148816347122192
3,0.5849123633269108,0.49398359656333923
4,0.4502874644416751,0.3095507025718689
5,0.2996859898169835,0.14877644181251526
6,0.20116024148283582,0.09198469668626785
7,0.16729763353412802,0.08956757932901382
8,0.14381177734696504,0.09401918202638626
