Epoch,Loss,Val_loss
1,0.6882114500710459,0.6738262176513672
2,0.6628801885879401,0.6305390000343323
3,0.6043057107564175,0.5408033728599548
4,0.5039911279172609,0.39510613679885864
5,0.36088823007814813,0.22994938492774963
6,0.24984220437931293,0.1219807118177414
7,0.19245171569513553,0.09197986125946045
8,0.168517336926677,0.0911204144358635
9,0.1458273149575248,0.09436254948377609
