Epoch,Loss,Val_loss
1,0.6882938200777228,0.6734766960144043
2,0.6628858790253148,0.6293176412582397
3,0.6016642568689404,0.5365874171257019
4,0.498129306417523,0.38473373651504517
5,0.3579262318936261,0.2166152447462082
6,0.24389693727999023,0.11627314239740372
7,0.1859259716037548,0.09115144610404968
8,0.16112236001274802,0.09126680344343185
