Epoch,Loss,Val_loss
1,0.6883529984589779,0.6679041385650635
2,0.6527281069394314,0.5992721319198608
3,0.5637939491055228,0.44847914576530457
4,0.40799561910557025,0.23875808715820312
5,0.25597784600474616,0.10903451591730118
6,0.18430893394080075,0.08905962109565735
7,0.16447727607958246,0.09491842240095139
