Epoch,Loss,Val_loss
1,0.6859152154488997,0.6638351082801819
2,0.6449168378656561,0.5851296186447144
3,0.5447012475042632,0.41723302006721497
4,0.37222854928536847,0.2057177871465683
5,0.24056504982890506,0.09843223541975021
6,0.19073170107422452,0.08924934267997742
7,0.17524048866647662,0.09461954236030579
