Epoch,Loss,Val_loss
1,0.6882152349659891,0.6727370023727417
2,0.6608978546026981,0.6293125152587891
3,0.6039987495451262,0.543113648891449
4,0.5048956175645193,0.4048653841018677
5,0.3789864746910153,0.24414139986038208
6,0.2543626694065152,0.1315961480140686
7,0.1870432956652208,0.09236834943294525
8,0.16504736255967256,0.08902276307344437
9,0.14399962093342433,0.091934934258461
