Epoch,Loss,Val_loss
1,0.6869425836837653,0.6662442684173584
2,0.6492400927977129,0.5958032608032227
3,0.5601714849472046,0.44542619585990906
4,0.40204334259033203,0.24150313436985016
5,0.24921567512281012,0.11265835911035538
6,0.1855033358389681,0.09207940846681595
7,0.16677932768608583,0.09874175488948822
