Epoch,Loss,Val_loss
1,0.6875452950145259,0.671712338924408
2,0.6581484332229152,0.6225893497467041
3,0.5920504620580962,0.5207571387290955
4,0.4784688195495894,0.3593491017818451
5,0.3290794880101175,0.19303558766841888
6,0.2280274241259604,0.10717953741550446
7,0.18295666327079138,0.09150529652833939
8,0.16529954213536147,0.09454146772623062
