Epoch,Loss,Val_loss
1,0.6908208240162242,0.6807971000671387
2,0.6740102334456011,0.6538122892379761
3,0.6368961560003685,0.5974191427230835
4,0.5647377796245344,0.4958527982234955
5,0.463462973634402,0.3499147891998291
6,0.3248164233836261,0.20424748957157135
7,0.22775772326823437,0.11364424228668213
8,0.1805160307522976,0.08860266208648682
9,0.15838268873366443,0.08830472081899643
10,0.13518654509927286,0.08995717018842697
