Epoch,Loss,Val_loss
1,0.6901694183999841,0.6792131662368774
2,0.6708234151204427,0.6472138166427612
3,0.6267222247340463,0.578993558883667
4,0.5440466376868162,0.4598299562931061
5,0.4216587525425535,0.3025059700012207
6,0.29580771065119543,0.16663171350955963
7,0.20833751107707169,0.10399612039327621
8,0.17305719954046336,0.09056075662374496
9,0.14669770973198343,0.09155682474374771
