Epoch,Loss,Val_loss
1,0.6890734154166598,0.6789392828941345
2,0.6699203595970616,0.6495755314826965
3,0.629843347903454,0.5897226333618164
4,0.5544323695428444,0.4879426062107086
5,0.446891010259137,0.34778091311454773
6,0.3277981461900653,0.20836587250232697
7,0.228331173685464,0.12239556014537811
8,0.18028634628563217,0.09096086770296097
9,0.15738625260013522,0.08661658316850662
10,0.1360263777050105,0.08774741739034653
