Epoch,Loss,Val_loss
1,0.6883806441769456,0.6724526286125183
2,0.6601921085155371,0.6211767196655273
3,0.5920253423127261,0.5085619688034058
4,0.46469257455883606,0.32949575781822205
5,0.3066761227268161,0.1610170602798462
6,0.2109968921903408,0.09346447885036469
7,0.17352302812717177,0.08915054798126221
8,0.15341934177911642,0.09290754050016403
