Epoch,Loss,Val_loss
1,0.6869135769930753,0.6646931767463684
2,0.6450090408325195,0.5852596163749695
3,0.5453375478585561,0.4149285852909088
4,0.37620934663396893,0.20422415435314178
5,0.23565253750844437,0.09961584955453873
6,0.1734965547467723,0.09038281440734863
7,0.15233215418728915,0.09612666815519333
