Epoch,Loss,Val_loss
1,0.6864774470979517,0.665108323097229
2,0.6484550544709871,0.5939388275146484
3,0.5552288736357833,0.4441130757331848
4,0.3998649919574911,0.240157812833786
5,0.2542085722088814,0.11202025413513184
6,0.18957376231749853,0.0892561748623848
7,0.17101376029578122,0.09388922899961472
