Epoch,Loss,Val_loss
1,0.6880976422266527,0.6705237030982971
2,0.6565634021253297,0.6130104660987854
3,0.5810204166354556,0.48360466957092285
4,0.4352995997125452,0.2847824990749359
5,0.2623041434721513,0.1279136836528778
6,0.18395316149249222,0.08745522052049637
7,0.16990733914303058,0.09260942786931992
