Epoch,Loss,Val_loss
1,0.6870300751743894,0.6658106446266174
2,0.6484641107645902,0.5934463739395142
3,0.5529073260047219,0.44000354409217834
4,0.39428621169292566,0.23629437386989594
5,0.23702099829009085,0.11103164404630661
6,0.1870397539301352,0.09161105751991272
7,0.1711831320867394,0.09786787629127502
