Epoch,Loss,Val_loss
1,0.6900383459799218,0.6815479397773743
2,0.674302131840677,0.6572731733322144
3,0.6414600384957863,0.6100218892097473
4,0.5815082373041095,0.5302793383598328
5,0.49046511812643573,0.4155992865562439
6,0.3796627666011001,0.2815462350845337
7,0.277591398268035,0.16807061433792114
8,0.2040321630510417,0.1091514304280281
9,0.16844530381036527,0.08933314681053162
10,0.14530796309312186,0.08631616085767746
11,0.12638847879839665,0.08705835044384003
