Epoch,Loss,Val_loss
1,0.6853533351060116,0.661344587802887
2,0.6406003986344193,0.5780999660491943
3,0.5406248090845166,0.4078983664512634
4,0.370516045978575,0.2014615684747696
5,0.22375357896089554,0.09827979654073715
6,0.18052062448678594,0.09033694863319397
7,0.16311680322343652,0.09814795851707458
