Epoch,Loss,Val_loss
1,0.6882771452267965,0.670067548751831
2,0.6556727967479012,0.6124308705329895
3,0.5787889262040457,0.4852193295955658
4,0.43660070182699146,0.2896060049533844
5,0.28752036054026,0.13213561475276947
6,0.19578263276454175,0.08902106434106827
7,0.1726807669708223,0.09060661494731903
