Epoch,Loss,Val_loss
1,0.6894611517588297,0.677510678768158
2,0.6681606895995863,0.6417651176452637
3,0.6205288948434772,0.5650365948677063
4,0.5262798323775782,0.43175700306892395
5,0.39267449532494403,0.2633160352706909
6,0.2651905611608968,0.13510577380657196
7,0.19043946672569623,0.08988715708255768
8,0.1699061073137052,0.08621970564126968
9,0.15959862800258579,0.08949805796146393
