Epoch,Loss,Val_loss
1,0.6862593771833362,0.66326904296875
2,0.6430596329949119,0.5810868144035339
3,0.5385745285135327,0.40671059489250183
4,0.364556095365322,0.1941952407360077
5,0.22877621492653183,0.09687218070030212
6,0.19050929334127542,0.0934017151594162
7,0.18096335141947775,0.10325937718153
