Epoch,Loss,Val_loss
1,0.6861556280742992,0.6623868346214294
2,0.6427705143437241,0.5771772861480713
3,0.5396989746527239,0.40079203248023987
4,0.3704276820926955,0.19529707729816437
5,0.22380125296838355,0.0996241569519043
6,0.17848768988341995,0.09313880652189255
7,0.15891851191267822,0.09924507886171341
