Epoch,Loss,Val_loss
1,0.6884176107970151,0.6726571321487427
2,0.6605151512406089,0.6240382790565491
3,0.5961288701404225,0.5219288468360901
4,0.4791501308932449,0.3584563732147217
5,0.3322022638537667,0.19039036333560944
6,0.22164281006112244,0.10507144778966904
7,0.18168967939687497,0.0898161232471466
8,0.16174925231572354,0.09279252588748932
