Epoch,Loss,Val_loss
1,0.6884931298819456,0.6719806790351868
2,0.6577841278278467,0.6183286905288696
3,0.5865964248324885,0.49970510601997375
4,0.4500884571761796,0.3124314248561859
5,0.2903312945907766,0.14713633060455322
6,0.20725547860969196,0.0913633182644844
7,0.18349297875256249,0.09290485829114914
