Epoch,Loss,Val_loss
1,0.6908115202730353,0.6791695356369019
2,0.6706610909014037,0.6446163654327393
3,0.6234195413011493,0.5659019351005554
4,0.5266529421011606,0.42390185594558716
5,0.3878983986197096,0.24517056345939636
6,0.2517058937387033,0.1221594512462616
7,0.18571327197732349,0.08942069858312607
8,0.1682298309875257,0.09087260067462921
