Epoch,Loss,Val_loss
1,0.6865803084590218,0.6648618578910828
2,0.6468276038314357,0.5871197581291199
3,0.5444494503917117,0.42242252826690674
4,0.376264877391584,0.21364544332027435
5,0.23468399183316666,0.10438602417707443
6,0.19209215270750452,0.09506485611200333
7,0.1795120103792711,0.10430314391851425
