Epoch,Loss,Val_loss
1,0.6868243687080614,0.6646797060966492
2,0.6454320947329203,0.5836859345436096
3,0.5415778810327704,0.41077959537506104
4,0.36688223706953454,0.19882752001285553
5,0.22761076259793658,0.0976410061120987
6,0.18444125907439174,0.09185347706079483
7,0.16868237135085193,0.09757804870605469
