Epoch,Loss,Val_loss
1,0.6888638012336962,0.6699464917182922
2,0.6536172294255459,0.606498658657074
3,0.5696567631129063,0.4652826488018036
4,0.416640888560902,0.2602999806404114
5,0.24753365755984277,0.1183457300066948
6,0.17763860952673535,0.08974814414978027
7,0.16393828967755492,0.09596429765224457
