Epoch,Loss,Val_loss
1,0.6911408756718491,0.6818546056747437
2,0.675748707670154,0.6575084924697876
3,0.6431524943221699,0.606698215007782
4,0.5806526099190568,0.516162097454071
5,0.47981639703114826,0.38402944803237915
6,0.35702228184902307,0.23628582060337067
7,0.235193605901617,0.13229456543922424
8,0.17341064165035883,0.0917041078209877
9,0.14770998286478448,0.08716823905706406
10,0.1349248274257689,0.09011351317167282
