Epoch,Loss,Val_loss
1,0.6856877713492422,0.6624974012374878
2,0.644424577554067,0.5879812836647034
3,0.5541902843749884,0.43730244040489197
4,0.3984292894601822,0.2399357110261917
5,0.25214327307361545,0.1127999797463417
6,0.1816446338639115,0.08799135684967041
7,0.15963389047167517,0.09296960383653641
