Epoch,Loss,Val_loss
1,0.6885026494661967,0.6730040311813354
2,0.6606362227237585,0.6252657771110535
3,0.5978370155348922,0.5221120119094849
4,0.4758756138158567,0.3531489372253418
5,0.3233446871692484,0.1792038381099701
6,0.21186367783582571,0.09844153374433517
7,0.18120154241720834,0.08889761567115784
8,0.1654356343276573,0.0934438407421112
