Epoch,Loss,Val_loss
1,0.6878772287657766,0.670784592628479
2,0.6577785403439493,0.6150600910186768
3,0.5839029189312097,0.49558350443840027
4,0.4556910463354804,0.31264591217041016
5,0.3130682399778655,0.1548902988433838
6,0.2069279680197889,0.09577831625938416
7,0.17358354727427164,0.09009715914726257
8,0.1496312575358333,0.09423037618398666
