Epoch,Loss,Val_loss
1,0.6876322374199376,0.6722068786621094
2,0.658640390995777,0.6200446486473083
3,0.5873133025386117,0.5048116445541382
4,0.4579384805578174,0.3229541778564453
5,0.3065572999643557,0.15771891176700592
6,0.20113786896972946,0.09597554057836533
7,0.17649810840234612,0.09025184065103531
8,0.16402258453044025,0.09478985518217087
