Epoch,Loss,Val_loss
1,0.6887305089921663,0.6731459498405457
2,0.662300930781798,0.6269732117652893
3,0.6008483803633488,0.5283265113830566
4,0.4885892859010985,0.3671223819255829
5,0.34754028555118677,0.19656385481357574
6,0.22249244740515045,0.1070331409573555
7,0.17586505977493344,0.08793237060308456
8,0.15679905405550293,0.0917004719376564
