Epoch,Loss,Val_loss
1,0.6882878903186682,0.6729327440261841
2,0.6597693427042528,0.6272770762443542
3,0.5975184738636017,0.5316197872161865
4,0.48894157915404346,0.3764362931251526
5,0.33631305622332025,0.2081088423728943
6,0.22594383110602698,0.10917513072490692
7,0.17622848080866266,0.08806652575731277
8,0.16180296377702194,0.0903756320476532
