Epoch,Loss,Val_loss
1,0.6873489193844072,0.672469973564148
2,0.6609937955032695,0.6290712356567383
3,0.6035495409459779,0.5423706769943237
4,0.5063297062209158,0.4036730229854584
5,0.36785716540885693,0.24302196502685547
6,0.25244022792938986,0.12962689995765686
7,0.1889095976948738,0.09202005714178085
8,0.16756924851374191,0.08976023644208908
9,0.14417040088411534,0.09274375438690186
