Epoch,Loss,Val_loss
1,0.6868431830044949,0.6673657894134521
2,0.6499246602708643,0.601119339466095
3,0.562853506117156,0.4596801996231079
4,0.41810468110171234,0.2600235939025879
5,0.26677829162641004,0.12115834653377533
6,0.1870759716539672,0.08887588977813721
7,0.16187340450106244,0.09270762652158737
