Epoch,Loss,Val_loss
1,0.688494372548479,0.6706971526145935
2,0.6561762437675939,0.6105741858482361
3,0.5744803005998785,0.47511398792266846
4,0.4292661805044521,0.27268457412719727
5,0.26393992792476306,0.12344697117805481
6,0.18890228777220755,0.08832550793886185
7,0.16781520595153174,0.09343810379505157
