Epoch,Loss,Val_loss
1,0.6869435527107932,0.6661975979804993
2,0.6480844201463641,0.5944436192512512
3,0.5527842713124824,0.4400564432144165
4,0.3929706915761485,0.23314055800437927
5,0.24081813069907101,0.10688700526952744
6,0.18825739644693607,0.08779411762952805
7,0.1720936099688212,0.09380997717380524
