Epoch,Loss,Val_loss
1,0.6875657565665968,0.6696149706840515
2,0.6540524426734808,0.6075556874275208
3,0.57192565184651,0.47055917978286743
4,0.427434786251097,0.2709610164165497
5,0.2755176964582819,0.12562602758407593
6,0.18592900466738324,0.09072916209697723
7,0.1627924767407504,0.0937700867652893
