Epoch,Loss,Val_loss
1,0.6854700816400123,0.6608152389526367
2,0.6412198010719183,0.5777003169059753
3,0.5362293955051538,0.4085952639579773
4,0.35887223753062164,0.20286576449871063
5,0.22222667616425137,0.10107871890068054
6,0.18682853448571582,0.09509564191102982
7,0.174476840843757,0.10363972187042236
