Epoch,Loss,Val_loss
1,0.6896711461471788,0.676867663860321
2,0.6677204244064562,0.6403293609619141
3,0.6195932157111891,0.5626775026321411
4,0.5278397130243706,0.42955484986305237
5,0.3936687545342879,0.26313522458076477
6,0.26152970280611154,0.1385231763124466
7,0.19784008305181155,0.0917820930480957
8,0.17569614201784134,0.08750569820404053
9,0.15939534726468,0.09028583019971848
