Epoch,Loss,Val_loss
1,0.6868113342559699,0.6631758809089661
2,0.6436277907906156,0.5770777463912964
3,0.535242419351231,0.3919375240802765
4,0.3489758602597497,0.17713387310504913
5,0.2060569165782495,0.09110789746046066
6,0.18185859534776572,0.09441021829843521
