Epoch,Loss,Val_loss
1,0.6874994463992842,0.669644296169281
2,0.653848162203124,0.6107187271118164
3,0.5743757377971302,0.48219406604766846
4,0.43719553405588324,0.2902338206768036
5,0.2812392246542555,0.13685984909534454
6,0.20075111903927542,0.09060994535684586
7,0.17278946755510388,0.09017400443553925
8,0.14328634761499637,0.0942431315779686
