Epoch,Loss,Val_loss
1,0.6849099415721316,0.6594985723495483
2,0.6381693690112142,0.5697542428970337
3,0.5235028754581105,0.38786670565605164
4,0.34705964543602685,0.18201588094234467
5,0.22306795666615167,0.09691301733255386
6,0.19255311380733142,0.09718133509159088
