Epoch,Loss,Val_loss
1,0.6892200428428072,0.6759173274040222
2,0.6656453880396757,0.6365545988082886
3,0.6118511431144945,0.5523870587348938
4,0.5152692821892825,0.40887463092803955
5,0.38153626115033124,0.23663252592086792
6,0.2600267637859691,0.1216869205236435
7,0.18733290966713068,0.08879298716783524
8,0.15761980696609526,0.08706539124250412
9,0.13546331881573706,0.089980848133564
