Epoch,Loss,Val_loss
1,0.6884103047125267,0.6745310425758362
2,0.6612350723960183,0.6293938159942627
3,0.5969375796390303,0.531193733215332
4,0.4915370232228077,0.36942294239997864
5,0.3462978633064212,0.20066459476947784
6,0.2290151979435574,0.11025393009185791
7,0.18189879732601572,0.0888764038681984
8,0.15564897498398117,0.0897449404001236
