Epoch,Loss,Val_loss
1,0.6860851528066577,0.6629299521446228
2,0.6435646496035836,0.5799270272254944
3,0.5395928630323121,0.407526433467865
4,0.36398832635446027,0.19825492799282074
5,0.22949250855229117,0.09781292825937271
6,0.18723628692554706,0.0910555049777031
7,0.16645600059718796,0.097343310713768
