Epoch,Loss,Val_loss
1,0.6881834304693973,0.6704151034355164
2,0.657059523192319,0.6145607233047485
3,0.5821570293469862,0.4931566119194031
4,0.44676869520635315,0.30574727058410645
5,0.2869338833472945,0.14458264410495758
6,0.19683995910666205,0.09103666990995407
7,0.17243446748365054,0.09046149253845215
8,0.15252402718320038,0.09509022533893585
