Epoch,Loss,Val_loss
1,0.6883325703216322,0.6689019799232483
2,0.6528136576666976,0.6000391244888306
3,0.5611185386325374,0.4451066553592682
4,0.396688799514915,0.2315749078989029
5,0.24189041058222452,0.10563790798187256
6,0.19657526244268272,0.09212897717952728
7,0.18165968245629108,0.09996742755174637
