Epoch,Loss,Val_loss
1,0.6902970599405693,0.6827687621116638
2,0.6755273296977534,0.6601425409317017
3,0.643218870415832,0.6142193078994751
4,0.5839447577794393,0.5337498784065247
5,0.4949386458505284,0.4143511652946472
6,0.37627092635992804,0.2748604416847229
7,0.26755392370801984,0.1588960886001587
8,0.19347232602762454,0.10248304903507233
9,0.1588308425112204,0.08668149262666702
10,0.13984004938692757,0.08597447723150253
11,0.12302157948866035,0.08751386404037476
