Epoch,Loss,Val_loss
1,0.6898261751189376,0.6799224019050598
2,0.6727836917747151,0.6507583856582642
3,0.632745393297889,0.5910858511924744
4,0.5581958032015598,0.4879187345504761
5,0.45152635375658673,0.34476572275161743
6,0.3171071915915518,0.20180578529834747
7,0.2161061569596782,0.11355222016572952
8,0.1669570135347771,0.08640110492706299
9,0.14924816380847583,0.08506309986114502
10,0.12861664390022104,0.08741004019975662
