Epoch,Loss,Val_loss
1,0.68852011904572,0.6737167835235596
2,0.6617754273342363,0.6249337792396545
3,0.5945358294429202,0.5173729062080383
4,0.4767103312593518,0.344267874956131
5,0.3276841649503419,0.17479778826236725
6,0.22015603157606992,0.09740117192268372
7,0.1844174453254902,0.0877898782491684
8,0.16650283404371954,0.09239044040441513
