Epoch,Loss,Val_loss
1,0.6867352182214911,0.6649079918861389
2,0.6476359493804701,0.589320719242096
3,0.5512568905498042,0.4293591380119324
4,0.3843828913840381,0.2217233031988144
5,0.23459692367098547,0.10279670357704163
6,0.1774567419832403,0.08894229680299759
7,0.16232502945896352,0.0974670872092247
