Epoch,Loss,Val_loss
1,0.6859972269246073,0.6594346165657043
2,0.6376332920609098,0.5640419125556946
3,0.5173793570561842,0.3711754381656647
4,0.3374364443800666,0.1658519208431244
5,0.215501159203775,0.09327833354473114
6,0.18569861894304102,0.09575018286705017
