Epoch,Loss,Val_loss
1,0.6869494436365186,0.6663095951080322
2,0.649784401510701,0.5915657877922058
3,0.554514715165803,0.4291854202747345
4,0.3844284406214049,0.21636591851711273
5,0.251323783939535,0.10250131785869598
6,0.18466678352066965,0.09098552912473679
7,0.16261803607145944,0.09605123847723007
