Epoch,Loss,Val_loss
1,0.6898227514642657,0.6793810129165649
2,0.6714968961296659,0.6492971181869507
3,0.631735622882843,0.585279643535614
4,0.5527319014072418,0.4710939824581146
5,0.4333117956464941,0.31291383504867554
6,0.302003462657784,0.16923555731773376
7,0.20299448817968369,0.10088875144720078
8,0.16635570020386667,0.08597651869058609
9,0.1451399979943579,0.08806733042001724
