Epoch,Loss,Val_loss
1,0.687108472441182,0.6643496751785278
2,0.6460641821225485,0.583953857421875
3,0.5402740872267521,0.410075843334198
4,0.3664337685613921,0.19688448309898376
5,0.234740864824165,0.10023950785398483
6,0.1873376972296021,0.09619457274675369
7,0.1649648967114362,0.10274109244346619
