Epoch,Loss,Val_loss
1,0.6905234248349161,0.6813435554504395
2,0.6737841015512293,0.654788076877594
3,0.6352934954744397,0.598674476146698
4,0.5644933355577064,0.49926677346229553
5,0.45832602002403955,0.3568238317966461
6,0.3332712465163433,0.20942659676074982
7,0.23068861505298904,0.11888577789068222
8,0.18216885242498282,0.09024415910243988
9,0.15806766926790727,0.08737919479608536
10,0.1377238089388067,0.08873748034238815
