Epoch,Loss,Val_loss
1,0.6869317383477183,0.6674926280975342
2,0.6521331532434984,0.6033451557159424
3,0.571707422986175,0.46818575263023376
4,0.4268184633869113,0.27576494216918945
5,0.27478397434408014,0.1311885565519333
6,0.1819525198502974,0.09184211492538452
7,0.16021614216945387,0.09293539077043533
