Epoch,Loss,Val_loss
1,0.6878077162034584,0.6693449020385742
2,0.6544068455696106,0.6064179539680481
3,0.5704947303641926,0.4674946069717407
4,0.41583732492995984,0.26583096385002136
5,0.2607969912615689,0.12081635743379593
6,0.18851513934857916,0.08949573338031769
7,0.17130603528384006,0.09502923488616943
