Epoch,Loss,Val_loss
1,0.6861688684333455,0.6658015847206116
2,0.649610161781311,0.5992120504379272
3,0.5642325227910822,0.460931658744812
4,0.42418511482802307,0.2661014497280121
5,0.27103328569368884,0.12461730092763901
6,0.19788306093577182,0.090605229139328
7,0.17178252136165445,0.09453251957893372
