Epoch,Loss,Val_loss
1,0.6871192825563026,0.6683655977249146
2,0.6521773329286864,0.602431058883667
3,0.563391648458712,0.45784109830856323
4,0.41242673541560315,0.25394609570503235
5,0.2643389119343324,0.11847148835659027
6,0.19567342102527618,0.09044881165027618
7,0.17881539035024066,0.09528041630983353
