Epoch,Loss,Val_loss
1,0.6885121058334004,0.673579752445221
2,0.6619178715980414,0.6275615096092224
3,0.6016433889215643,0.5298399925231934
4,0.488278714093295,0.37115558981895447
5,0.3456607054580342,0.20001192390918732
6,0.2229468935366833,0.1072823703289032
7,0.1779915430780613,0.08925638347864151
8,0.15380089526826685,0.09251556545495987
