Epoch,Loss,Val_loss
1,0.6887463800834887,0.6734986305236816
2,0.659930450446678,0.6237631440162659
3,0.5915125897436431,0.5126503109931946
4,0.4653754247860475,0.3317410945892334
5,0.3001751127568158,0.16036395728588104
6,0.21382192838372607,0.09213140606880188
7,0.17724737547563785,0.088066466152668
8,0.1558475142175501,0.09136223047971725
