Epoch,Loss,Val_loss
1,0.6882097016681324,0.6703315377235413
2,0.6567031768235293,0.6117164492607117
3,0.5772914588451385,0.48639100790023804
4,0.4441913777228558,0.2990739643573761
5,0.2904304216305415,0.14294745028018951
6,0.19783592382163712,0.0907820537686348
7,0.16797697882760654,0.08878815174102783
8,0.1443507938899777,0.09321950376033783
