Epoch,Loss,Val_loss
1,0.6855097982016477,0.6596230864524841
2,0.6390352881315983,0.5683889389038086
3,0.5214772657914595,0.3802199363708496
4,0.3438417541258263,0.1742187738418579
5,0.219479565141779,0.09504134953022003
6,0.1848610614736875,0.0972554162144661
