Epoch,Loss,Val_loss
1,0.6909725891821312,0.6827412247657776
2,0.6763867329467427,0.6600328683853149
3,0.6450623337066534,0.6142168045043945
4,0.5855537987116611,0.5334060192108154
5,0.5008508432092089,0.4134468138217926
6,0.3799413252960552,0.2755683958530426
7,0.2672468049056602,0.1611209660768509
8,0.19374020578283252,0.10298170149326324
9,0.16220370318853494,0.08743295818567276
10,0.13953971693461592,0.086795374751091
11,0.12286168178825667,0.08808981627225876
