Epoch,Loss,Val_loss
1,0.6890057271177118,0.6725717186927795
2,0.6587337851524353,0.6183107495307922
3,0.5844515164693197,0.4965442419052124
4,0.4519474650874282,0.3087993264198303
5,0.28278645466674457,0.1471042037010193
6,0.1839074060095079,0.09046971797943115
7,0.16717358136718924,0.08963226526975632
8,0.15389427452376395,0.09375894069671631
