Epoch,Loss,Val_loss
1,0.6889234112970757,0.6772514581680298
2,0.6682519163146163,0.6439285278320312
3,0.6247088638218966,0.5779129862785339
4,0.5421559205560973,0.4691157341003418
5,0.4309619132316474,0.32556119561195374
6,0.3060656776933959,0.19146385788917542
7,0.2147677235982635,0.11337138712406158
8,0.17172850713585364,0.08963822573423386
9,0.14844146483775342,0.08761414140462875
10,0.12616980358055144,0.08946482837200165
