Epoch,Loss,Val_loss
1,0.6860783145283208,0.6627534627914429
2,0.6432940409039006,0.5806968212127686
3,0.5387069366194985,0.40892165899276733
4,0.3741885523001353,0.20234374701976776
5,0.22842041696562912,0.10142476856708527
6,0.18341764830278628,0.09303441643714905
7,0.16457714919339528,0.09955120086669922
