Epoch,Loss,Val_loss
1,0.6861974985310526,0.6646772027015686
2,0.6467983171795354,0.5908915400505066
3,0.5518927899273959,0.43475258350372314
4,0.3945727343812133,0.22865030169487
5,0.24527782766204892,0.10806901752948761
6,0.1875004985115745,0.09181217104196548
7,0.16830102602640787,0.09791440516710281
