Epoch,Loss,Val_loss
1,0.6886336288668893,0.6739494204521179
2,0.662922355261716,0.6313998103141785
3,0.6053793023933064,0.5440185070037842
4,0.5004900621645378,0.39939069747924805
5,0.3607141682595918,0.22938308119773865
6,0.2259162397998752,0.12040303647518158
7,0.17285659593163114,0.08958782255649567
8,0.1569453091783957,0.09111493080854416
