Epoch,Loss,Val_loss
1,0.6883247115395286,0.6709089875221252
2,0.6578201181960829,0.6165854930877686
3,0.5862492205518665,0.4987347424030304
4,0.45738479178963287,0.31634029746055603
5,0.2986351387067275,0.15208305418491364
6,0.20347690175880084,0.09303673356771469
7,0.17717975355458981,0.09336051344871521
