Epoch,Loss,Val_loss
1,0.6859904265764988,0.66436767578125
2,0.6478821698463324,0.5932949185371399
3,0.5563541768175183,0.44678154587745667
4,0.3985525274818594,0.24859130382537842
5,0.24413889894882837,0.11648862808942795
6,0.18235279281031003,0.09006424993276596
7,0.16801448414723077,0.09578496962785721
