Epoch,Loss,Val_loss
1,0.6851155983679222,0.6589562296867371
2,0.6389192956866641,0.565947949886322
3,0.5249328306227019,0.3768370449542999
4,0.3471959287470037,0.16994284093379974
5,0.20408622852780603,0.0909765213727951
6,0.1719379872083664,0.09350030869245529
