Epoch,Loss,Val_loss
1,0.6857483377962401,0.6601403951644897
2,0.6408007731943419,0.5731678009033203
3,0.5299875907825701,0.39414161443710327
4,0.3464864727222558,0.18453705310821533
5,0.2042787592067863,0.09521319717168808
6,0.1691698313436725,0.09519481658935547
7,0.15498847898208734,0.10367396473884583
