Epoch,Loss,Val_loss
1,0.6869044484514178,0.6651555895805359
2,0.6492508667888064,0.5933966040611267
3,0.5593925262942459,0.43855780363082886
4,0.395175605560794,0.22962336242198944
5,0.24464284244811896,0.1058124229311943
6,0.18273955583572388,0.08930058032274246
7,0.165746641655763,0.09632892161607742
