Epoch,Loss,Val_loss
1,0.6881023193850662,0.6685298085212708
2,0.6523981889088949,0.6022623181343079
3,0.562739967396765,0.45550644397735596
4,0.4085896082899787,0.25089797377586365
5,0.25199682784802985,0.11373602598905563
6,0.19479400371060226,0.08916310220956802
7,0.18079314471194238,0.09659504145383835
