Epoch,Loss,Val_loss
1,0.6857465650096084,0.6622549891471863
2,0.6422712279088569,0.574688196182251
3,0.5345581589323102,0.3901791274547577
4,0.3518829666303866,0.1810746043920517
5,0.2178796301736976,0.0944858118891716
6,0.17644179860750833,0.09480492025613785
