Epoch,Loss,Val_loss
1,0.6859353437568202,0.6608346700668335
2,0.6380285187201067,0.5684993863105774
3,0.519465294751254,0.3745723068714142
4,0.3400013067505576,0.16494271159172058
5,0.2049497693325534,0.0935356467962265
6,0.18904209712689574,0.0984819158911705
