Epoch,Loss,Val_loss
1,0.6880709808884244,0.6737060546875
2,0.661651614037427,0.6309514045715332
3,0.6051683353655266,0.5440800786018372
4,0.504310202869502,0.4050651490688324
5,0.36709579419006,0.24432440102100372
6,0.2501023384657773,0.13083955645561218
7,0.19977777993137186,0.09129106998443604
8,0.17529089613394302,0.08850402384996414
9,0.14802931881312167,0.0909251943230629
