Epoch,Loss,Val_loss
1,0.6900518789435878,0.6795623302459717
2,0.6717311143875122,0.6487915515899658
3,0.6288541582497683,0.5846154093742371
4,0.5507023858301567,0.47207212448120117
5,0.43114860446164105,0.3191004693508148
6,0.3086040173516129,0.17778633534908295
7,0.21120259098031305,0.10576609522104263
8,0.17391578164516072,0.08801011741161346
9,0.14900674738667227,0.08862350136041641
