Epoch,Loss,Val_loss
1,0.6870423961769451,0.666034996509552
2,0.649442378318671,0.5939101576805115
3,0.5532565279440447,0.43658387660980225
4,0.3932911509817297,0.22756917774677277
5,0.2425843452413877,0.10806898027658463
6,0.18328119611198251,0.09184017032384872
7,0.16353191615957202,0.09892044961452484
