Epoch,Loss,Val_loss
1,0.6887446072968569,0.6749162673950195
2,0.661488208806876,0.6285161972045898
3,0.5968688789642218,0.5230415463447571
4,0.47693649250449555,0.3472491204738617
5,0.3237444916457841,0.17333552241325378
6,0.21331557112209726,0.09787633270025253
7,0.18514393382903302,0.08985663950443268
8,0.16702213860822446,0.09399602562189102
