Epoch,Loss,Val_loss
1,0.6884958509242896,0.6732447743415833
2,0.6604057342717142,0.6234728693962097
3,0.5947214942989927,0.5132593512535095
4,0.4726839047489744,0.3356131911277771
5,0.3241134728446151,0.16700370609760284
6,0.2123693823814392,0.09699492901563644
7,0.17447031447381683,0.0882391631603241
8,0.15629070071559964,0.09155680239200592
