Epoch,Loss,Val_loss
1,0.6889860584880366,0.6754999756813049
2,0.6658367072090958,0.6348521113395691
3,0.6127861747235963,0.5486063957214355
4,0.5084272379224951,0.4042593240737915
5,0.3640840405767614,0.2344004064798355
6,0.2471309028791659,0.12058404833078384
7,0.1825903281569481,0.08993719518184662
8,0.1653853366998109,0.09069517999887466
