Epoch,Loss,Val_loss
1,0.6897033787134922,0.6760130524635315
2,0.6664478309226759,0.6331690549850464
3,0.6078401478854093,0.5379430651664734
4,0.4977949076529705,0.37612003087997437
5,0.35024173151363025,0.1995668113231659
6,0.22901128751761984,0.10411996394395828
7,0.18415712520028604,0.08766277879476547
8,0.16643863193916553,0.09258004277944565
