Epoch,Loss,Val_loss
1,0.6860582160227227,0.6614486575126648
2,0.6400060671748538,0.5718368291854858
3,0.5290325690399517,0.3841758370399475
4,0.34841912352677545,0.17318430542945862
5,0.2200355983593247,0.09351898729801178
6,0.1884303939613429,0.095705047249794
