Epoch,Loss,Val_loss
1,0.6868478980931368,0.6660924553871155
2,0.6479783058166504,0.5914348363876343
3,0.5490466004068201,0.42948994040489197
4,0.38992973304156103,0.21809867024421692
5,0.23842616469571085,0.10388325154781342
6,0.18863589113408868,0.09165274351835251
7,0.17270918935537338,0.09845683723688126
