Epoch,Loss,Val_loss
1,0.689838932319121,0.6787124276161194
2,0.6700082791574073,0.6457622051239014
3,0.6251701179778937,0.5738258957862854
4,0.537295690088561,0.44556725025177
5,0.4058766369566773,0.2775772213935852
6,0.2723041529005224,0.14345577359199524
7,0.19247573636698,0.09319014102220535
8,0.16325473649935288,0.08850231021642685
9,0.14517687543323546,0.09181274473667145
