Epoch,Loss,Val_loss
1,0.6884215492190737,0.6736181378364563
2,0.6614757929787491,0.6271748542785645
3,0.5975608518629363,0.5263563394546509
4,0.47960431828643335,0.3612723648548126
5,0.34011292457580566,0.18980568647384644
6,0.21510488562511676,0.10452074557542801
7,0.17616154501835504,0.0885213315486908
8,0.160846381250656,0.0916144996881485
