Epoch,Loss,Val_loss
1,0.6876839706392,0.66688072681427
2,0.6491632037090532,0.5934684872627258
3,0.5536116659641266,0.431723028421402
4,0.3845020162336754,0.21800202131271362
5,0.2292047623883594,0.10371317714452744
6,0.18284034796736456,0.09344565868377686
7,0.16799932131261536,0.10181751102209091
