Epoch,Loss,Val_loss
1,0.6885954647353201,0.6711549758911133
2,0.6572958095507189,0.6109967827796936
3,0.575841253454035,0.4743311107158661
4,0.4209013965093728,0.26970723271369934
5,0.2653768663153504,0.11989888548851013
6,0.1885089192426566,0.08789598941802979
7,0.17889162706154765,0.09567159414291382
