Epoch,Loss,Val_loss
1,0.6902186437086626,0.6782364249229431
2,0.667263613505797,0.6400713324546814
3,0.6135460969173547,0.5548509359359741
4,0.5109695160027706,0.4072469174861908
5,0.3700733288671031,0.23100341856479645
6,0.24422047964551233,0.11695531010627747
7,0.19148151644251563,0.0876966118812561
8,0.17512400019349475,0.08929764479398727
