Epoch,Loss,Val_loss
1,0.6869013354633794,0.6634431481361389
2,0.6460137051163297,0.5822003483772278
3,0.5397455403299043,0.40929120779037476
4,0.3672369691458615,0.19690299034118652
5,0.22686163539236243,0.09783600270748138
6,0.19266649719440576,0.09435974061489105
7,0.1767114782423684,0.10093677043914795
