Epoch,Loss,Val_loss
1,0.6865215355699713,0.6625036001205444
2,0.6432643659187086,0.5763136744499207
3,0.5367311898506049,0.39426806569099426
4,0.3555461940440265,0.18325263261795044
5,0.22236596454273572,0.09628172218799591
6,0.17598949971072603,0.09496142715215683
7,0.15862015826684056,0.10147304087877274
