Epoch,Loss,Val_loss
1,0.6876770727562181,0.6659896373748779
2,0.6482134091131615,0.5870530009269714
3,0.5423932238058611,0.4143975079059601
4,0.36997531896287744,0.19837456941604614
5,0.22652141659548788,0.09966050088405609
6,0.18702312287959186,0.0962725356221199
7,0.17208068117950903,0.1039837971329689
