Epoch,Loss,Val_loss
1,0.6875065185806968,0.6715596914291382
2,0.6578348017100132,0.6211955547332764
3,0.5930102467536926,0.5145959854125977
4,0.46769401160153473,0.346434086561203
5,0.32875608043237164,0.17880703508853912
6,0.21484041439764429,0.10103578120470047
7,0.17662390592423352,0.08882240951061249
8,0.15857219876665057,0.09252862632274628
