Epoch,Loss,Val_loss
1,0.6865124467647437,0.6681742072105408
2,0.6506575382117069,0.607072114944458
3,0.5706268106446122,0.47576597332954407
4,0.425526836604783,0.28136491775512695
5,0.2692902223630385,0.12897948920726776
6,0.19138577219211694,0.08820102363824844
7,0.173370144358187,0.09186260402202606
