Epoch,Loss,Val_loss
1,0.6887918042414116,0.6725184917449951
2,0.6606660954879991,0.6174898743629456
3,0.5878644919756687,0.49119654297828674
4,0.4504285441203551,0.2957770824432373
5,0.2937344348791874,0.1373448520898819
6,0.19074409861456265,0.09189093858003616
7,0.16852643273093484,0.09251703321933746
