Epoch,Loss,Val_loss
1,0.69013942100785,0.6787497401237488
2,0.6700925113576831,0.6455621123313904
3,0.6249070221727545,0.5741188526153564
4,0.542559465675643,0.44955310225486755
5,0.41786543799169135,0.2878221273422241
6,0.2845404859293591,0.15299566090106964
7,0.1943785927512429,0.09573768079280853
8,0.15972552516243674,0.08628170192241669
9,0.14044089208949695,0.08983124792575836
