Epoch,Loss,Val_loss
1,0.6881484813762434,0.6677023768424988
2,0.6533826201251058,0.6026175022125244
3,0.5680071377392971,0.4643631875514984
4,0.42363675886934454,0.26592007279396057
5,0.27239545502445917,0.1232990026473999
6,0.188396989170349,0.08946093171834946
7,0.16889229823242535,0.0910559892654419
