Epoch,Loss,Val_loss
1,0.6920637016172533,0.682853102684021
2,0.6772094531492754,0.6474701166152954
3,0.6223056300894007,0.5567949414253235
4,0.49191391622865355,0.3968418836593628
5,0.29926339217594694,0.22613182663917542
6,0.17278193169600004,0.1538008153438568
7,0.14401061387805195,0.1687566190958023
